전화번호,소재지우편번호,지번주소,도로명주소,도로명우편번호,사업장명,업태구분명,영업장주변구분명,위도_user,경도_user
02 34494029,135-906,서울특별시 강남구 압구정동 494,서울특별시 강남구 압구정로 343 (압구정동),6008.0,한화갤러리아(주) 명품관,기타식품판매업,,37.5285614,127.0400548
,138-888,서울특별시 송파구 문정동 618 파크하비오,"서울특별시 송파구 송파대로 111, 하비오길동 1층 호텔로 202동 137~144호 (문정동, 파크하비오)",5837.0,지에스더프레시 송파하비오점,기타식품판매업,,37.4806043,127.1236664
0215226333,158-831,서울특별시 양천구 신월동 217-21,"서울특별시 양천구 곰달래로2길 46, 1,2층 (신월동)",7927.0,식자재왕 도매마트,기타식품판매업,,37.5264076,126.8362839
02  30107726,138-736,서울특별시 송파구 풍납동 388-1 서울아산병원 동관 지하1층,"서울특별시 송파구 올림픽로43길 88 (풍납동,서울아산병원 동관 지하1층)",5505.0,현대그린푸드 H마트 서울아산병원점,기타식품판매업,,37.5266801,127.108279
02 26432211,157-900,서울특별시 강서구 화곡동 830-1,서울특별시 강서구 등촌로5길 80 (화곡동),7738.0,롯데슈퍼 화곡2점,기타식품판매업,,37.5330599,126.8589624
02 5437642,135-510,서울특별시 강남구 압구정동 456 금강쇼핑센타 지하1층,"서울특별시 강남구 압구정로 201 (압구정동,금강쇼핑센타 지하1층)",6004.0,(주)현대그린푸드 압구정슈퍼,기타식품판매업,,37.5296583,127.0308297
,157-909,"서울특별시 강서구 화곡동 900-1 해태드림타운 1층 110,111,112,113호","서울특별시 강서구 강서로7길 28, 1층 110,111,112,113호 (화곡동, 해태드림타운)",7777.0,(주)행복한식자재마트,기타식품판매업,,37.5299833,126.8461647
02 4065304,138-818,서울특별시 송파구 마천동 125,서울특별시 송파구 마천로43길 3 (마천동),5755.0,송파농협하나로마트 거마점,기타식품판매업,,37.5025545,127.1449624
,120-859,서울특별시 서대문구 홍제동 158-33 연세24시사우나,"서울특별시 서대문구 통일로 413, 1층 (홍제동)",3646.0,삼성식자재마트,기타식품판매업,,37.5861743,126.9464054
8419800,150-854,서울특별시 영등포구 신길동 861,서울특별시 영등포구 여의대방로 203 (신길동),7360.0,영등포농협 하나로마트(여의대방로점),기타식품판매업,,37.5101224,126.914424
02 3953676,120-857,"서울특별시 서대문구 홍제동 294-46 유진상가, 유진아파트,공유캠퍼스","서울특별시 서대문구 통일로 484, 유진상가, 유진아파트,공유캠퍼스 1층 (홍제동)",3628.0,롯데슈퍼 유진점,기타식품판매업,,37.5915033,126.9429722
02  22442800,130-836,서울특별시 동대문구 장안동 111-1 지하1층~지상1층,"서울특별시 동대문구 한천로 193, 지하1~지상1층 (장안동)",2534.0,동서울농업협동조합 하나로마트장안점,기타식품판매업,,37.5781984,127.0678217
0226033700,158-842,서울특별시 양천구 신월동 575-17 지상1층,"서울특별시 양천구 남부순환로79길 37, 지상1층 (신월동)",8064.0,농민마트,기타식품판매업,,37.5183901,126.8431685
02  22905739,152-887,서울특별시 구로구 신도림동 388-5 1층,"서울특별시 구로구 신도림로 57, 1층 (신도림동)",8203.0,롯데쇼핑(주)롯데슈퍼신도림점,기타식품판매업,,37.5093001,126.8816568
02  380 5894,135-804,서울특별시 강남구 개포동 189 개포자이 프레지던스,"서울특별시 강남구 삼성로 14, 지하1층 B117,B118호 (개포동, 개포자이 프레지던스)",6331.0,(주)이마트에브리데이 개포자이점,기타식품판매업,,37.48553709999999,127.0714351
02467 0093,143-903,서울특별시 광진구 중곡동 231-1 지상1층,"서울특별시 광진구 면목로 127 (중곡동, 지상1층)",4911.0,대원할인마트 주식회사,기타식품판매업,,37.5651775,127.0802363
02 7067272,121-130,서울특별시 마포구 구수동 60 외 3필지,"서울특별시 마포구 토정로 193 (구수동, 외 3필지)",4087.0,롯데슈퍼 마포점,기타식품판매업,,37.5464075,126.9378199
0226490297,158-886,서울특별시 양천구 신정동 327 목동신시가지아파트13단지 상가 비동 101호,"서울특별시 양천구 목동동로 100, 상가 비동 101호 (신정동, 목동신시가지아파트13단지)",8096.0,지에스 더 프레시 목동13점,기타식품판매업,,37.51511,126.866175
02  739 6780,120-090,"서울특별시 서대문구 홍제동 469 인왕산 한신휴플러스 (지하4층 B426,427)","서울특별시 서대문구 통일로 397 (홍제동,인왕산 한신휴플러스 (지하4층 B426,427))",3730.0,씨에스유통(주)롯데슈퍼홍제2점,기타식품판매업,,37.5885025,126.9396314
02 3868060,122-200,서울특별시 은평구 진관동 90-1,서울특별시 은평구 진관2로 117 (진관동),3305.0,롯데슈퍼 은평점,기타식품판매업,,37.6343737,126.9186772
02 7392360,110080,서울특별시 종로구 무악동 82 무악현대아파트상가 지하1층 (지하101호) ,"서울특별시 종로구 통일로 246-20, 지하1층 (무악동, 무악현대아파트상가)",3025.0,현대후레쉬마트,기타식품판매업,아파트지역,37.5752001,126.9604154
,151-050,서울특별시 관악구 봉천동 1706 관악우성아파트,"서울특별시 관악구 관악로30길 12, 상가동 지하1층 (봉천동, 관악우성아파트)",8735.0,탑할인마트,기타식품판매업,,37.48554439999999,126.9596403
02  493 3080,131-866,"서울특별시 중랑구 신내동 562 1층, 2층","서울특별시 중랑구 신내로 74 (신내동,1층, 2층)",2067.0,동서울농업협동조합 하나로마트 신내점,기타식품판매업,,37.6059444,127.0956906
0221632233,158-050,서울특별시 양천구 목동 916 현대백화점 지하2층,"서울특별시 양천구 목동동로 257, 지하2층 (목동, 현대백화점목동점)",7998.0,한무쇼핑(주)목동점 식품,기타식품판매업,,37.5263828,126.8752357
0269229882,100-861,서울특별시 중구 충무로2가 65-9 하이헤리엇,"서울특별시 중구 퇴계로 123, 하이헤리엇 지2층 10,11,17,18,19,34,36,37,38호 (충무로2가)",4536.0,라이프워크 도깨비,기타식품판매업,,37.561328,126.985353
0226470824,158-875,서울특별시 양천구 목동 903 (목동아파트 3단지 관리동상가) 105호,"서울특별시 양천구 목동서로 100, 105호 (목동, 목동아파트 3단지 관리동상가)",7982.0,씨에스유통(주)롯데슈퍼 목동점,기타식품판매업,,37.5343588,126.8729492
0241400146,156-826,서울특별시 동작구 사당동 1038-56 관악종합상가,"서울특별시 동작구 동작대로7길 58, 관악종합상가 지하1층 (사당동)",7025.0,사당마트,기타식품판매업,,37.4784082,126.9789373
02 8728545,151-823,서울특별시 관악구 봉천동 463-4 메카플러스,"서울특별시 관악구 양녕로 46, 지하1층 (봉천동)",8747.0,홈플러스익스프레스 봉천점,기타식품판매업,,37.4861536,126.9473568
0226941092,157-918,서울특별시 강서구 화곡동 1023,"서울특별시 강서구 화곡로21길 78, 1층 (화곡동)",7706.0,대원식자재마트,기타식품판매업,,37.5445092,126.8364646
02 9370291,139-822,서울특별시 노원구 상계동 649 12단지 종합상가,"서울특별시 노원구 동일로 1538, 12단지 종합상가 17호 (상계동)",1674.0,(주)농협유통상계점,기타식품판매업,,37.6659969,127.0579017
023805894,136-110,서울특별시 성북구 길음동 1286-10 길음뉴타운9단지래미안 상가,"서울특별시 성북구 길음로7길 6, 길음뉴타운9단지래미안 상가 제상가동 (길음동)",2721.0,(주)이마트에브리데이 길음점,기타식품판매업,,37.6043055,127.0224453
02 9210894,136-060,"서울특별시 성북구 돈암동 639 돈암힐스테이트@상가 109호,110호","서울특별시 성북구 아리랑로 68 (돈암동,돈암힐스테이트@상가 109호,110호)",2827.0,오케이(O.K)식자재 마트,기타식품판매업,,37.5985316,127.015104
0269231055,158-766,서울특별시 양천구 목동 962 목동트라팰리스 웨스턴에비뉴 지하2층,"서울특별시 양천구 오목로 299, 지하2층 (목동, 목동트라팰리스 웨스턴에비뉴)",8001.0,(주)이마트 목동점,기타식품판매업,,37.5259926,126.8703832
0267161234,158-822,서울특별시 양천구 신월동 26 지상1층,"서울특별시 양천구 화곡로 59, 지상1층 (신월동)",7902.0,(주)이마트 신월점,기타식품판매업,,37.5397561,126.8287684
02  838 0553,152-844,서울특별시 구로구 구로동 112-15,서울특별시 구로구 구로중앙로28길 49 (구로동),8294.0,영등포농협 하나로마트 구로본점,기타식품판매업,,37.5001298,126.8881692
,121-849,서울특별시 마포구 성산동 99-1 A동,"서울특별시 마포구 모래내로 87, A동 1층 (성산동)",3949.0,시티식자재마트,기타식품판매업,,37.5666535,126.9125868
0226778877,150-102,서울특별시 영등포구 양평동2가 37-2,"서울특별시 영등포구 영등포로 21, 1층 (양평동2가)",7275.0,대흥할인마트,기타식품판매업,,37.52342660000001,126.8837577
0226696000,157-857,서울특별시 강서구 방화동 829-2 강서농협하나로마트 서관 (지하 1층),"서울특별시 강서구 금낭화로 287-10, 지하 1층 (방화동, 3동 강서농협하나로마트서관)",7510.0,강서농협 하나로마트(서관),기타식품판매업,,37.5766763,126.8118179
,139-837,서울특별시 노원구 상계동 1023-11,서울특별시 노원구 동일로234길 13 (상계동),1630.0,(주)새로나마트,기타식품판매업,,37.6732766,127.0564603
023610000,120-020,서울특별시 서대문구 미근동 332 웨스트게이트타워,"서울특별시 서대문구 충정로 70, 웨스트게이트타워 10,12,16층 (미근동)",3738.0,네슬레코리아 유한책임회사,기타식품판매업,,37.5647015,126.9662207
0236659345,156-840,서울특별시 동작구 상도동 188-14,"서울특별시 동작구 상도로 147, 1층 (상도동)",6950.0,한솔마트,기타식품판매업,,37.503203,126.9357679
,152-808,서울특별시 구로구 개봉동 182-1,"서울특별시 구로구 개봉로23가길 70, 1층 (개봉동)",8276.0,슈퍼맨마트 개봉점,기타식품판매업,,37.4947868,126.8598007
0234981140,137-893,서울특별시 서초구 양재동 230,서울특별시 서초구 청계산로 10 (양재동),6797.0,(주)농협유통 양재하나로클럽,기타식품판매업,,37.4627988,127.0438675
02  418 5853,138-836,서울특별시 송파구 방이동 217-0,"서울특별시 송파구 오금로31가길 20 (방이동, 대림가락아파트)",5647.0,지에스더프레시 방이점,기타식품판매업,,37.49759,127.120851
02 9859000,139-230,서울특별시 노원구 하계동 284,서울특별시 노원구 한글비석로 57 (하계동),1784.0,(주)세이브존아이앤씨,기타식품판매업,,37.6378658,127.068707
02  22905739,137-866,서울특별시 서초구 서초동 1445-3 1층 1001호의 일부,"서울특별시 서초구 효령로 304, 1층 (서초동, 1001호의 일부)",6720.0,롯데쇼핑(주)롯데슈퍼 서초국제전자센터점,기타식품판매업,,37.484742,127.0177676
,121-849,서울특별시 마포구 성산동 99-1,"서울특별시 마포구 모래내로 87, B동 1층 (성산동)",3949.0,시티식자재마트,기타식품판매업,,37.5666535,126.9125868
,156-030,서울특별시 동작구 상도동 535 상도2차두산위브트레지움아파트,"서울특별시 동작구 상도로30길 40, 상가동 1층 125~131호 (상도동, 상도2차두산위브트레지움아파트)",6964.0,(주)지에스리테일 GS더프레시 동작구청점,기타식품판매업,,37.503745,126.9434397
02 8136114,156-813,서울특별시 동작구 노량진동 330 삼익주상복합 지층,"서울특별시 동작구 만양로 84 (노량진동,삼익주상복합 지층)",6914.0,수협바다마트노량진점,기타식품판매업,,37.5108466,126.9450577
0232728544,121-814,"서울특별시 마포구 도화동 353 현대홈타운상가 108,109,111-131호","서울특별시 마포구 도화4길 73 (도화동, 현대홈타운상가 108,109,111-131호)",4180.0,홈플러스 익스프레스 도화점,기타식품판매업,,37.5377841,126.9517874
02  34987963,134-080,서울특별시 강동구 고덕동 688 고덕래미안힐스테이 상가 지층,"서울특별시 강동구 아리수로50길 50, 지층 (고덕동, 고덕래미안힐스테이 상가)",5229.0,하나로마트 고덕점,기타식품판매업,,37.5602282,127.1493354
02  337 2678,121-827,서울특별시 마포구 망원동 517,"서울특별시 마포구 월드컵로25길 26, 102동 1층 1-44, 45, 46, 47호 (망원동, 마포영화블렌하임)",3964.0,현대마트,기타식품판매업,,37.5586456,126.9061712
,132-040,서울특별시 도봉구 창동 27-3 주공아파트,"서울특별시 도봉구 노해로70길 46, 주공19단지종합상가 지층 19호 (창동)",1417.0,진로마트,기타식품판매업,,37.650137,127.0516544
02 9935601,132-858,서울특별시 도봉구 쌍문동 19 LG트윈빌상가 외4필지,"서울특별시 도봉구 도당로 10 (쌍문동, LG트윈빌상가 외4필지 )",1394.0,롯데쇼핑(주) 롯데슈퍼 쌍문점,기타식품판매업,,37.6590459,127.0353279
0203828654,122-859,"서울특별시 은평구 불광동 308-1 범서쇼핑 1,2층","서울특별시 은평구 통일로 842, 범서쇼핑 (불광동)",3350.0,롯데쇼핑(주)롯데슈퍼범서점,기타식품판매업,,37.6186663,126.9220569
02  22905637,137-803,서울특별시 서초구 반포동 54-1 쌍동빌딩 서관,"서울특별시 서초구 고무래로 22, 쌍동빌딩 서관 1층 (반포동)",6593.0,롯데쇼핑(주)롯데슈퍼 반포2점,기타식품판매업,,37.5025115,127.0107221
0222905600,135-190,서울특별시 강남구 세곡동 594 지상1층,"서울특별시 강남구 헌릉로569길 27, 지상1층 (세곡동)",6376.0,롯데쇼핑(주)롯데슈퍼 세곡점,기타식품판매업,,37.466796,127.09879
02  522 5603,151-800,"서울특별시 관악구 남현동 1059-16 지하1층,지상1층","서울특별시 관악구 남부순환로 2074 (남현동,지하1층,지상1층)",8806.0,롯데쇼핑(주)롯데슈퍼 남현점,기타식품판매업,,37.4761802,126.9791019
,136758,서울특별시 성북구 돈암동 624 돈암현대아파트,"서울특별시 성북구 정릉로44길 7, 나동 지하1,2층 (돈암동, 돈암현대아파트)",2806.0,플러스마트,기타식품판매업,,37.6016333,127.0248482
02  22905637,137-871,서울특별시 서초구 서초동 1521-2 서초타운 1층,"서울특별시 서초구 명달로20길 60, 1층 (서초동, 서초타운)",6668.0,롯데쇼핑(주) 롯데슈퍼 서초3동점,기타식품판매업,,37.4863908,127.007697
02 9155603,136-140,서울특별시 성북구 장위동 316-3 센트럴타운,"서울특별시 성북구 월계로40길 7, 지하1층 (장위동)",2759.0,롯데쇼핑(주) 롯데슈퍼 장위점,기타식품판매업,,37.6229347,127.0484606
,120-853,서울특별시 서대문구 홍제동 57-5 서대문푸르지오센트럴파크아파트,"서울특별시 서대문구 통일로 339, 101동 B201~207,B105호 (홍제동, 서대문푸르지오센트럴파크아파트)",3731.0,(주)이마트에브리데이 무악재점,기타식품판매업,,37.5870737,126.9489545
02 9308664,139-768,서울특별시 노원구 상계동 639-1 보람아파트2단지,"서울특별시 노원구 한글비석로 474, 보람아파트2단지 지층 5호 (상계동)",1671.0,오케이(O.K)마트,기타식품판매업,,37.664735,127.064591
02  22975180,133-010,서울특별시 성동구 상왕십리동 811 텐즈힐,"서울특별시 성동구 마장로 137, 221동 1230,1231,1232,1233,1234호 (상왕십리동, 텐즈힐)",4700.0,지에스 더프레시 성동텐즈힐점,기타식품판매업,,37.5693623,127.0247156
02 3805894,150-042,서울특별시 영등포구 당산동2가 165 한화포레나당산,"서울특별시 영등포구 당산로 83, 판매시설동 B1층 B102,B103호 (당산동2가, 한화포레나당산)",7264.0,(주)이마트에브리데이 영등포구청역점,기타식품판매업,,37.52225019999999,126.8953397
,110-847,서울특별시 종로구 평창동 323-4 1층,"서울특별시 종로구 평창문화로 39, 1층 (평창동)",3008.0,(주)럭키할인마트,기타식품판매업,,37.6053593,126.9656392
02  15881234,135-856,서울특별시 강남구 도곡동 467-17 타워팰리스,"서울특별시 강남구 언주로30길 57, 상가동 지하1층 (도곡동, 타워팰리스)",6293.0,(주)신세계 푸드마켓 도곡점,기타식품판매업,,37.4897104,127.0544907
0269515887,122-200,"서울특별시 은평구 진관동 67-1 은평구 뉴타운2지구 에코테라스 101,126호","서울특별시 은평구 진관3로 37, 은평구 뉴타운2지구 에코테라스 101,126호 (진관동)",3301.0,이마트에브리데이 은평진관점,기타식품판매업,,37.6381894,126.9192159
0234828812,137-040,"서울특별시 서초구 반포동 0 지하1층 B121,122,123,124,125,126,154,155,156,157,158호","서울특별시 서초구 반포대로 291, 지하1층 B121,122,123,124,125,126,154,155,156,157,158호 (반포동)",6506.0,(주)농협유통 하나로마트 반포점,기타식품판매업,,37.4955764,127.0056948
02  22991077,133-872,서울특별시 성동구 행당동 298-9,"서울특별시 성동구 왕십리로21나길 5, 1층 (행당동)",4714.0,형부네 할인마트,기타식품판매업,,37.5598767,127.0325315
02 9318343,139-867,서울특별시 노원구 중계동 591 대호프라자,"서울특별시 노원구 한글비석로 384, 대호프라자 지층 (중계동)",1662.0,수협바다마트 상계점,기타식품판매업,,37.65974730000001,127.0731798
0226037685,157-909,서울특별시 강서구 화곡동 900-1 해태드림타운 110~113호,"서울특별시 강서구 강서로7길 28, 1층 110~113호 (화곡동, 해태드림타운)",7777.0,엔식자재마켓 주식회사,기타식품판매업,,37.5299833,126.8461647
02  9550671,132-854,서울특별시 도봉구 방학동 713-14 나동,"서울특별시 도봉구 마들로 599, 나동 1층 (방학동)",1335.0,(주)대한식자재마트방학,기타식품판매업,,37.6636619,127.0461995
,122-877,서울특별시 은평구 수색동 341-6 1동 비101호,"서울특별시 은평구 수색로 322, 1동 지1층 101호 (수색동)",3488.0,(주)이마트에브리데이 은평수색점,기타식품판매업,,37.5842799,126.8925933
02  808 5100,153-831,서울특별시 금천구 독산동 1041-24 가락연합리테일,"서울특별시 금천구 독산로 204, 1,2층 (독산동, 가락연합리테일)",8559.0,해나온식자재마트 가락공판장 365할인매장,기타식품판매업,,37.4654816,126.9025089
02  865 0310,152-800,서울특별시 구로구 가리봉동 89-138,"서울특별시 구로구 구로동로 34, 1층 (가리봉동)",8385.0,영등포농협하나로마트 남구로역점,기타식품판매업,,37.4845968,126.8865963
02  380 5894,133-865,서울특별시 성동구 행당동 140 행당동 레몬프라자,"서울특별시 성동구 고산자로6길 40, 행당동 레몬프라자 1층 101호, 102호 (행당동)",4745.0,(주)이마트에브리데이 행당점,기타식품판매업,,37.5582591,127.0355555
,136-035,서울특별시 성북구 동소문동5가 75,"서울특별시 성북구 동소문로 98, 지하1층 (동소문동5가)",2846.0,(주)대서양식자재마트,기타식품판매업,,37.5895122,127.0055863
0220248000,131-872,서울특별시 중랑구 신내동 645 지하1층 홈플러스신내점 내,"서울특별시 중랑구 신내로 201 (신내동,지하1층 삼성홈플러스신내점 내)",2024.0,홈플러스(주) 홈플러스신내점,기타식품판매업,,37.6157539,127.0937534
0222801050,150-893,서울특별시 영등포구 여의도동 47,서울특별시 영등포구 여의동로3길 10 (여의도동),7324.0,(주)이마트 여의도점,기타식품판매업,,37.5181719,126.9260538
02 4372080,131-822,서울특별시 중랑구 면목동 168-2 홈플러스,"서울특별시 중랑구 사가정로 332, 홈플러스 지상1층 (면목동)",2236.0,홈플러스(주) 면목점,기타식품판매업,,37.5799415,127.0810446
02 3038824,122-952,서울특별시 은평구 응암동 754-1 양지시장 지하1~지상1,"서울특별시 은평구 응암로4길 20, 양지시장 지하1~지상1층 (응암동)",3480.0,모닝마트,기타식품판매업,,37.586733,126.9177033
02  400 2007,138-130,서울특별시 송파구 오금동 615 지하1층,"서울특별시 송파구 양재대로72길 5, 지하1층 (오금동)",5652.0,(주)농협유통하나로마트 방이역점,기타식품판매업,,37.5101613,127.1276574
02 3805894,132-898,서울특별시 도봉구 창동 1-28 씨드큐브 창동,"서울특별시 도봉구 마들로13길 61, 씨드큐브 창동 B119-2, B103-4호 (창동)",1413.0,(주)이마트에브리데이 창동씨드큐브점,기타식품판매업,,37.6543906,127.0498832
,143912,서울특별시 광진구 중곡동 638-4 ,서울특별시 광진구 천호대로 525 (중곡동),4920.0,그린팜마트(군자점),기타식품판매업,,37.558568,127.0769569
0234379150,143867,서울특별시 광진구 자양동 635-8 ,서울특별시 광진구 뚝섬로 639 (자양동),5060.0,중앙농협하나로마트,기타식품판매업,,37.531934,127.0807812
0222075507,131861,서울특별시 중랑구 상봉동 129-9 1층 ,"서울특별시 중랑구 망우로32길 23 (상봉동,1층)",2121.0,동부마트,기타식품판매업,,37.5929462,127.0771151
02 4901053,131809,서울특별시 중랑구 망우동 506-1 ,서울특별시 중랑구 상봉로 118 (망우동),2169.0,(주)이마트,기타식품판매업,기타,37.5964815,127.0934539
0218999900,131858,서울특별시 중랑구 상봉동 81-0 ,서울특별시 중랑구 망우로 336 (상봉동),2150.0,(주)코스트코코리아,기타식품판매업,기타,37.5968635,127.0902125
02 9557313,132801,"서울특별시 도봉구 도봉동 62-1 104~109,B105호 ","서울특별시 도봉구 도봉로180길 38, 104~109,B105호 (도봉동)",1320.0,(주)이마트에브리데이도봉점,기타식품판매업,,37.6825709,127.048016
02 9779339,139863,서울특별시 노원구 중계동 506-1 ,서울특별시 노원구 섬밭로 258 (중계동),1779.0,우영마트 식자재,기타식품판매업,,37.6388263,127.0647546
02  976 5000,139-240,"서울특별시 노원구 공릉동 711 1층,2층 일부","서울특별시 노원구 동일로197길 12 (공릉동, 1층,2층 일부)",1851.0,마트원,기타식품판매업,,37.629022,127.0704984
0226464331,158876,서울특별시 양천구 목동 904 목동신시가지아파트4단지 관리동 105호,"서울특별시 양천구 목동서로 130, 관리동 105호 (목동, 목동신시가지아파트4단지)",7989.0,(주)이마트에브리데이 목동점,기타식품판매업,주택가주변,37.5319314,126.8715915
0226488026,158050,서울특별시 양천구 목동 925 목동신시가지아파트 상가비동 102호,"서울특별시 양천구 목동로 212, 상가비동 102호 (목동, 목동신시가지아파트)",7993.0,(주)지에스리테일목동7점,기타식품판매업,주택가주변,37.5288229,126.8678406
0220624949,158861,서울특별시 양천구 신정동 1023-12 ,서울특별시 양천구 은행정로 5 (신정동),8086.0,에이스마트,기타식품판매업,,37.52020030000001,126.8596193
0226918955,158-815,"서울특별시 양천구 목동 736-3 왕자상가아파트 1층 101,102,103,104호","서울특별시 양천구 목동중앙남로 38, 왕자상가아파트 1층 101,102,103,104호 (목동)",7960.0,마이식자재마트(주),기타식품판매업,,37.537233,126.8669996
0226900770,158-864,서울특별시 양천구 신정동 1182-11 지하1층,"서울특별시 양천구 중앙로 237, 지하1층 (신정동)",8073.0,씨제이(CJ)빅마트,기타식품판매업,,37.5177284,126.8536262
02  26024402,157874,서울특별시 강서구 화곡동 140-19 ,서울특별시 강서구 화곡로 180 (화곡동),7727.0,진로마트,기타식품판매업,,37.5417887,126.841768
02  335 1158,121886,서울특별시 마포구 합정동 395-3,"서울특별시 마포구 월드컵로3길 76, 1층 (합정동)",4020.0,주식회사 윈플러스마트서부 마포점,기타식품판매업,,37.549455,126.9086507
02 8880930,151832,서울특별시 관악구 봉천동 1638-20 ,서울특별시 관악구 남부순환로248길 35 (봉천동),8793.0,원마트,기타식품판매업,기타,37.4744061,126.9658885
02 8844322,151865,서울특별시 관악구 신림동 390-1 ,서울특별시 관악구 원신2길 34 (신림동),8846.0,엠코중앙(대성마트),기타식품판매업,기타,37.4708802,126.9322384
02  69488000,151-801,서울특별시 관악구 남현동 612-1 홈플러스 남현점,"서울특별시 관악구 과천대로 909 (남현동, 홈플러스 남현점)",8808.0,홈플러스(주)서울남현점,기타식품판매업,,37.4714783,126.9824131
,140-854,서울특별시 용산구 이촌동 302-52 LG프라자 지하1층,"서울특별시 용산구 이촌로 200, LG프라자 지하1층 지101호,지102호,지103호,지121호 (이촌동)",4427.0,지에스더프레시(GS THE FRESH) 용산이촌점,기타식품판매업,,37.5209493,126.9693573
02 5718383,137898,서울특별시 서초구 양재동 372-0 ,서울특별시 서초구 동산로6길 3 (양재동),6785.0,영동농업협동조합,기타식품판매업,기타,37.47084,127.0435276
02  34598001,137-806,서울특별시 서초구 반포동 96-6 지하 1층(전체 임대),"서울특별시 서초구 서래로 23, 지하 1층 (반포동)",6576.0,홈플러스(주) 서래마을점,기타식품판매업,,37.4972048,126.9980713
02  414 5309,138851,서울특별시 송파구 송파동 134 지상1층 ,"서울특별시 송파구 백제고분로 424, 지상1층 (송파동)",5665.0,(주)올스타마트 방이점,기타식품판매업,,37.5085328,127.1114928
02 8660888,151-876,서울특별시 관악구 신림동 540-1,"서울특별시 관악구 남부순환로145길 29, 1층 1호가,1호나,2호,5호,6호,7호,8호,9호,10호 (신림동)",8767.0,현대홈마트,기타식품판매업,,37.48276269999999,126.9117309
02  980 3358,142-874,서울특별시 강북구 수유동 54-5 수유시장,"서울특별시 강북구 도봉로67길 18, 수유시장 2층 (수유동)",1117.0,엠마트,기타식품판매업,,37.6307808,127.0229483
,136-832,서울특별시 성북구 장위동 301 번동시장,"서울특별시 성북구 한천로101길 59, 번동시장 1층 (장위동)",2758.0,대명마트,기타식품판매업,,37.6213187,127.0479402
,130-874,서울특별시 동대문구 휘경동 35-6,"서울특별시 동대문구 망우로 114, 1층 (휘경동)",2501.0,신창운수(주) 마트,기타식품판매업,,37.590809,127.0656863
02 4544540,143817,서울특별시 광진구 구의동 53-1 정성빌딩,"서울특별시 광진구 천호대로 661, 정성빌딩 지하1층 (구의동)",4954.0,주식회사 정성마트,기타식품판매업,,37.552016,127.0904104
02 3805894,157-030,서울특별시 강서구 등촌동 73-1 금부빌딩 1층 일부,"서울특별시 강서구 양천로 476, 1층 일부호 (등촌동)",7575.0,(주)이마트에브리데이 가양역점,기타식품판매업,,37.5616105,126.8532675
,135887,서울특별시 강남구 신사동 510-11 ---------,"서울특별시 강남구 압구정로2길 46, 지상1층 (신사동, ---------)",6034.0,(주)이마트에브리데이 강남시장점,기타식품판매업,,37.5187712,127.0206688
02  69338701,142100,서울특별시 강북구 미아동 1357-6 미아프라자,"서울특별시 강북구 삼양로27길 35-21, 미아프라자 B03~B08호 (미아동)",1196.0,GS the fresh 강북미아점,기타식품판매업,,37.6178756,127.0188808
,120801,서울특별시 서대문구 남가좌동 50-3 명지대학교,"서울특별시 서대문구 거북골로 34, 명지대학교 인문캠퍼스 MCC관 B2층 (남가좌동)",3674.0,(주)이마트에브리데이 명지대점,기타식품판매업,,37.5802219,126.9226047
02  566 3423,135927,서울특별시 강남구 역삼동 765-2 백림빌딩,"서울특별시 강남구 선릉로63길 9, 백림빌딩 지상1층,지하1층 (역삼동)",6218.0,주식회사 대농마트,기타식품판매업,,37.4971002,127.051381
02  20663995,152-906,서울특별시 구로구 온수동 51-1 1층,"서울특별시 구로구 경인로3길 58 (온수동, 1층)",8264.0,수협바다마트 온수역점,기타식품판매업,,37.4921418,126.8247088
0222907021,133-070,서울특별시 성동구 행당동 346,"서울특별시 성동구 행당로 84, 지하3층 (행당동, 346 한진타운상가)",4717.0,롯데쇼핑(주)롯데마트행당역점,기타식품판매업,,37.5558801,127.0292075
02  517 6642,135951,서울특별시 강남구 청담동 43-9 지상1층,"서울특별시 강남구 학동로 411, 지상1층 (청담동)",6069.0,(주)농협유통 청담점,기타식품판매업,,37.5181161,127.0446457
,110522,서울특별시 종로구 명륜2가 211 유니지오 ,"서울특별시 종로구 성균관로 12, 유니지오 지상1층 101~102호 (명륜2가)",3074.0,성대마트,기타식품판매업,,37.5846997,126.9990412
02  725 4008,110054,서울특별시 종로구 사직동 9 외 1필지 광화문풍림스페이스본 301동 지하 B130호 ,"서울특별시 종로구 사직로8길 4 (사직동,외 1필지 광화문풍림스페이스본 301동 지하 B130호)",3168.0,서서울농협 하나로마트 사직점,기타식품판매업,,37.5743822,126.9688505
02  395 1688,110816,"서울특별시 종로구 부암동 182-1 청하빌딩 3,4층 ","서울특별시 종로구 자하문로 280, 3,4층 (부암동, 청하빌딩)",3017.0,청하고려인삼(주),기타식품판매업,,37.5987448,126.9617761
02  379 8486,110803,서울특별시 종로구 구기동 94 1층 ,"서울특별시 종로구 진흥로 456 (구기동,1층)",3012.0,(주)지에스리테일GS수퍼종로구기점,기타식품판매업,,37.6068034,126.9586422
02  67132505,110847,서울특별시 종로구 평창동 158-1 (지하 1층) ,서울특별시 종로구 세검정로 지하 357 (평창동),,(주)지에스리테일 GS수퍼 종로평창점,기타식품판매업,,37.6085865,126.9659288
02  764 8545,110-522,서울특별시 종로구 명륜2가 237 명륜주상복합아남아파트상가 301동 1층,"서울특별시 종로구 혜화로3길 5 (명륜2가, 명륜주상복합아남아파트상가 301동 1층)",3075.0,홈플러스익스프레스명륜2점,기타식품판매업,,37.58561830000001,127.0002676
02  737 9994,110-061,서울특별시 종로구 신문로1가 24,서울특별시 종로구 새문안로 91 (신문로1가),3182.0,홈플러스 익스프레스 광화문점,기타식품판매업,,37.5701894,126.9739225
0234172001,122837,서울특별시 은평구 대조동 240 NC백화점,"서울특별시 은평구 불광로 20, NC백화점 지하2층 (대조동)",3397.0,이랜드킴스클럽 불광점,기타식품판매업,,37.609721,126.9290038
02  36722231,110530,서울특별시 종로구 혜화동 185 중원빌딩 ,"서울특별시 종로구 대학로 144, 지하1층 (혜화동)",3084.0,레몬마트,기타식품판매업,,37.5839645,127.002167
02 9442500,142804,서울특별시 강북구 미아동 70-6 롯데백화점미아점지하2층,"서울특별시 강북구 도봉로 62 (미아동,롯데백화점미아점지하2층)",1215.0,롯데쇼핑(주)미아점,기타식품판매업,,37.6145502,127.0305098
0220806993,100-151,서울특별시 중구 충정로1가 85,서울특별시 중구 통일로 120 (충정로1가),4517.0,(주)농협하나로유통하나로마트서대문점,기타식품판매업,,37.5665004,126.9682574
,100815,서울특별시 중구 신당동 41-52 ,"서울특별시 중구 다산로36길 101, 지상1,지하1층 (신당동)",4584.0,동화할인마트,기타식품판매업,,37.5599904,127.0198533
02  392 4421,100-859,서울특별시 중구 중림동 200 삼성(아)1상가지하1층,"서울특별시 중구 중림로 10 (중림동,삼성(아)1상가지하1층)",4502.0,(주)햇빛촌,기타식품판매업,,37.5581158,126.9653067
,100861,서울특별시 중구 충무로2가 66-27 명동 이화빌딩(A동) ,"서울특별시 중구 명동8가길 11, 명동 이화빌딩(A동) 지하1층,1층,2층 (충무로2가)",4536.0,코리아 마트,기타식품판매업,,37.561815,126.9856789
02  22330101,100830,서울특별시 중구 신당동 366-79 1층 ,"서울특별시 중구 동호로7길 38 (신당동,1층)",4597.0,태양마트,기타식품판매업,기타,37.5521927,127.01052
02  22567300,100450,서울특별시 중구 신당동 844 남산타운(아)스포츠센터 107~111호 ,"서울특별시 중구 다산로 32 (신당동,남산타운(아)스포츠센터 107~111호)",4595.0,GS수퍼(남산타운점),기타식품판매업,,37.5508342,127.0111337
0222369288,100831,"서울특별시 중구 신당동 52-111 B1,1층 ","서울특별시 중구 퇴계로86가길 5 (신당동, B1,1층)",4584.0,팜스마트,기타식품판매업,,37.5630146,127.0194262
0260485358,100011,서울특별시 중구 충무로1가 54 ,"서울특별시 중구 퇴계로 77, 11층 (충무로1가)",4530.0,(주)신세계면세점 본점,기타식품판매업,,37.5611699,126.9825162
,150-103,서울특별시 영등포구 양평동3가 45,"서울특별시 영등포구 선유로 138, 지하1,2층 (양평동3가, 롯데마트 양평점)",7255.0,롯데마트 서울양평점,기타식품판매업,,37.5259858,126.8915812
02  22797943,100851,서울특별시 중구 을지로6가 18-12 두산타워빌딩 4층 1호 ,"서울특별시 중구 장충단로 275, 4층 1호 (을지로6가)",4563.0,노브랜드 동대문두타몰점,기타식품판매업,,37.5684445,127.0053479
02 5558222,135-280,서울특별시 강남구 대치동 511 한보미도맨션,"서울특별시 강남구 삼성로 150, 지하1층 (대치동, 한보미도맨션)",6288.0,농협유통 대치점,기타식품판매업,,37.4925906,127.066184
0262617088,100450,서울특별시 중구 신당동 842 약수하이츠 상가동 B101호 ,"서울특별시 중구 동호로10길 30, 상가동 B101호 (신당동, 약수하이츠)",4593.0,(주)하이츠그랜드유통,기타식품판매업,,37.554768,127.0147101
0222901234,100440,서울특별시 중구 황학동 2545 이마트 청계천점 지하1층~지하2층 ,"서울특별시 중구 청계천로 400 (황학동, 이마트 청계천점 지하1층~지하2층)",4572.0,(주)이마트 청계천점,기타식품판매업,,37.5710434,127.0222296
02  755 3553,140899,"서울특별시 용산구 후암동 55-50 지하1층, 지상1층 ","서울특별시 용산구 후암로28길 21 (후암동, 지상1층, 지하1층)",4330.0,진흥마트,기타식품판매업,,37.5493651,126.9797565
02 7723010,100070,서울특별시 중구 소공동 1,서울특별시 중구 을지로 30 (소공동),4533.0,롯데쇼핑(주),기타식품판매업,,37.5633924,126.9812386
02  20125666,137908,서울특별시 서초구 잠원동 70 (지하 1층),서울특별시 서초구 잠원로 37-6 (잠원동),6511.0,(주)이랜드킴스클럽 강남점,기타식품판매업,,37.5083529,127.0059798
02  20125666,137908,서울특별시 서초구 잠원동 70-2 지하 1층,"서울특별시 서초구 잠원로 51, 지하 1층 (잠원동)",6511.0,(주)이랜드킴스클럽 강남점,기타식품판매업,,37.5093972,127.0073103
02  69054975,140-210,서울특별시 용산구 한남동 829 나인원 한남,"서울특별시 용산구 한남대로 91, 지2층 (한남동, 나인원 한남)",4401.0,한화갤러리아(주) 고메이494한남점,기타식품판매업,,37.5363276,127.0034928
02  20772800,140-873,서울특별시 용산구 한강로2가 15-19,서울특별시 용산구 청파로 122 (한강로2가),4371.0,(주)농협유통하나로클럽용산점,기타식품판매업,,37.5304108,126.9700755
02 7971803,140865,서울특별시 용산구 이태원동 128-4 외1필지(128-5) ,"서울특별시 용산구 보광로 127 (이태원동,외1필지(128-5))",4391.0,홈마트,기타식품판매업,기타,37.5341958,126.9937253
02  450 2610,137870,서울특별시 서초구 서초동 1498-5 롯데마트 서초점 지하1층지하2층,"서울특별시 서초구 서초대로38길 12, 지하1,2층 (서초동, 롯데마트 서초점 )",6655.0,롯데마트 서초점,기타식품판매업,,37.4901004,127.0063426
02  796 8600,140823,서울특별시 용산구 보광동 260-8 ,서울특별시 용산구 보광로 30 (보광동),4415.0,(주)코아유통 보광할인마트지점,기타식품판매업,,37.5272125,127.0002842
0220121234,140780,서울특별시 용산구 한강로3가 40-999 ,서울특별시 용산구 한강대로23길 55 (한강로3가),4377.0,(주) 이마트 용산점,기타식품판매업,,37.5255338,126.9647072
02 7928542,140-884,서울특별시 용산구 한남동 26-5 (지하2층),"서울특별시 용산구 유엔빌리지길 11 (한남동, 26-5 지하2층)",4420.0,홈플러스익스프레스한남점,기타식품판매업,,37.5339801,127.0103669
,133820,서울특별시 성동구 성수동1가 102-2 현대빌딩 ,"서울특별시 성동구 성덕정길 29, 1층 (성수동1가)",4774.0,현대마트,기타식품판매업,,37.53921770000001,127.0470845
02 9482001,139726,서울특별시 노원구 중계동 509 2001아울렛,"서울특별시 노원구 동일로204가길 46, 2001아울렛 지층 (중계동)",1783.0,(주)이랜드킴스클럽중계점,기타식품판매업,,37.6412281,127.0678668
02 5312500,135704,서울특별시 강남구 대치동 937 롯데백화점,"서울특별시 강남구 도곡로 401, 롯데백화점 지하1층, 지상1층 (대치동)",6206.0,롯데쇼핑(주) 강남점,기타식품판매업,,37.4970578,127.0535939
02  34242500,143200,서울특별시 광진구 구의동 546-4 롯데마트 지하2층,"서울특별시 광진구 광나루로56길 85 (구의동, 롯데마트 지하2층)",5116.0,롯데쇼핑(주)롯데마트 강변점,기타식품판매업,,37.5356993,127.095765
,133-828,서울특별시 성동구 성수동2가 339-5,"서울특별시 성동구 뚝섬로 400, 1층 (성수동2가, 뚝섬쇼핑센타)",4776.0,뚝섬두꺼비왕식자재마트(주),기타식품판매업,,37.53851179999999,127.0549628
,133-882,서울특별시 성동구 도선동 69 성동삼성쉐르빌,"서울특별시 성동구 무학로6길 50, 101동 1층 143,144,147,152,156,157호 (도선동, 성동삼성쉐르빌)",4709.0,이코플러스마트,기타식품판매업,,37.5643927,127.0349365
02  22977766,133-070,서울특별시 성동구 행당동 347 대림리빙프라자 지하1층,"서울특별시 성동구 행당로 75, 지하1층 (행당동, 347번지 대림리빙프라자)",4713.0,중앙할인마트,기타식품판매업,,37.5572035,127.028576
0222949114,133-809,서울특별시 성동구 금호동4가 548-1,"서울특별시 성동구 독서당로 302 (금호동4가, 548-1번지)",4737.0,중앙할인마트,기타식품판매업,,37.54780969999999,127.0225637
02  21575000,138960,서울특별시 송파구 문정동 516 가든파이브라이프동 지상1층,"서울특별시 송파구 충민로 66, 지상1층 (문정동, 가든파이브라이프동)",5838.0,(주)이랜드킴스클럽 송파점,기타식품판매업,,37.4775778,127.1249983
0222982141,133-801,서울특별시 성동구 금호동1가 1755 지상1층(금호동길 235),"서울특별시 성동구 금호로 94 (금호동1가, 1755 지상1층)",4718.0,진로마트,기타식품판매업,,37.5516712,127.0257122
02  22001234,133-866,서울특별시 성동구 행당동 168-151 왕십리민자역사,"서울특별시 성동구 왕십리광장로 17, 지상 2층, 3층 (행당동)",4750.0,(주)이마트 왕십리점,기타식품판매업,,37.5612886,127.038382
02 4697078,133-923,서울특별시 성동구 성수동1가 706,"서울특별시 성동구 상원길 59, 상가B동 지하1층 (성수동1가, 쌍용아파트)",4788.0,웰빙마트,기타식품판매업,,37.5495115,127.0471105
02  4637900,133-832,서울특별시 성동구 성수동2가 277-17,"서울특별시 성동구 성수이로 118, 지하1층 101, 102호 (성수동2가, 성수아카데미타워)",4797.0,주식회사 라성식자재,기타식품판매업,,37.545161,127.0577529
02  22991077,133872,서울특별시 성동구 행당동 298-6 외1필지 ,"서울특별시 성동구 무학봉16길 15, 1층 (행당동)",4715.0,형부네할인마트,기타식품판매업,,37.5603913,127.0326433
0222957377,133-855,"서울특별시 성동구 하왕십리동 700 센트라스6획지 상가동 L층 B102호, B103호","서울특별시 성동구 왕십리로 410, 상가동 L층 B102호, B103호 (하왕십리동, 센트라스6획지)",4701.0,지에스 더프레시 상왕십리역점,기타식품판매업,,37.56610999999999,127.0276467
,133100,서울특별시 성동구 옥수동 560 옥수 어울림 ,"서울특별시 성동구 독서당로40길 39, 지하2층 214,215,225,226호 (옥수동)",4739.0,웰빙마트,기타식품판매업,,37.54230829999999,127.0181918
0222538541,133-807,서울특별시 성동구 금호동3가 1331 지하1층,"서울특별시 성동구 동호로 100, 지하1층 (금호동3가, 1331번지)",4724.0,홈플러스 익스프레스 금호2점,기타식품판매업,,37.5499627,127.0164391
02   9075689,132-906,서울특별시 도봉구 창동 274-5,서울특별시 도봉구 해등로16길 63 (창동),1400.0,롯데쇼핑(주)롯데슈퍼 창동2점,기타식품판매업,,37.6555732,127.043552
02  26638989,157-835,서울특별시 강서구 내발산동 719-6 송화쇼핑센타 지하1층,"서울특별시 강서구 강서로 267 (내발산동,송화쇼핑센타 지하1층)",7639.0,롯데쇼핑(주) 롯데슈퍼 우장산점,기타식품판매업,,37.54909,126.8359839
02 4691448,143840,서울특별시 광진구 군자동 346-23 1층 ,"서울특별시 광진구 군자로 75, 1층 (군자동)",5002.0,(주)군자할인마트,기타식품판매업,,37.5499493,127.0706356
02  455 6700,143811,서울특별시 광진구 광장동 394-3 지하1층 ,"서울특별시 광진구 천호대로 793, 지하1층층 (광장동)",4968.0,광장마트,기타식품판매업,,37.5463429,127.1019442
02 4446529,143888,서울특별시 광진구 중곡동 79-7 ,서울특별시 광진구 영화사로 8 (중곡동),4949.0,신성슈퍼직영,기타식품판매업,주택가주변,37.55813759999999,127.0881731
02 4631903,143903,서울특별시 광진구 중곡동 229-5 ,서울특별시 광진구 긴고랑로11길 11 (중곡동),4910.0,(주)이마트에브리데이중곡동점,기타식품판매업,,37.5639179,127.0813137
02 4649854,143843,서울특별시 광진구 자양동 44-2 ,서울특별시 광진구 뚝섬로 491 (자양동),5080.0,노룬산슈퍼마켓,기타식품판매업,주택가주변,37.5364865,127.0648626
02 4653018,143841,서울특별시 광진구 자양동 6-20 ,서울특별시 광진구 아차산로30길 39 (자양동),5073.0,(주)조양마트,기타식품판매업,,37.53889059999999,127.0673902
02 4525673,143862,서울특별시 광진구 자양동 553-502 (지1층) ,"서울특별시 광진구 뚝섬로 558 (자양동,(지1층))",5091.0,자양진로마트,기타식품판매업,,37.5340724,127.0718277
02  453 5947,143824,"서울특별시 광진구 구의동 234-1 하이웨이 마트 (지하1, 지상1) ","서울특별시 광진구 광나루로 516 (구의동,하이웨이 마트 (지하1, 지상1))",5031.0,하이웨이 마트,기타식품판매업,,37.5447856,127.0867815
02  414 5309,143815,서울특별시 광진구 광장동 571-1 ,"서울특별시 광진구 광나루로 619, 1층 (광장동)",4974.0,올스타마트 광장점,기타식품판매업,,37.5410525,127.0964511
02  447 3400,143200,서울특별시 광진구 구의동 667 ,"서울특별시 광진구 아차산로 431, B108호 (구의동, 강변에스케이뷰)",5045.0,도깨비식자재마트,기타식품판매업,,37.538653,127.0901794
02 4586211,143959,서울특별시 광진구 구의동 223-65 동영빌딩 ,"서울특별시 광진구 구의로 28, 동영빌딩 1층 (구의동)",5036.0,구의홈마트,기타식품판매업,,37.5403473,127.0898009
,143814,서울특별시 광진구 광장동 470-10 은석 ,"서울특별시 광진구 아차산로 506, 1층 (광장동)",4974.0,(주)이마트에브리데이 광장점,기타식품판매업,,37.5414171,127.0976337
,143805,서울특별시 광진구 광장동 250 광장동 신동아 파밀리에 ,"서울특별시 광진구 아차산로 599, 지하1층 105-109호 (광장동, 광장동 신동아 파밀리에)",4968.0,(주)이마트에브리데이 광나루역점,기타식품판매업,,37.5467283,127.1047567
02  444 8801,143200,서울특별시 광진구 구의동 671 구의자이르네 ,"서울특별시 광진구 광나루로39길 11, 지하1층 B01호 (구의동, 구의자이르네)",4977.0,자이 원마트,기타식품판매업,,37.5454994,127.0887779
02 4616600,143915,서울특별시 광진구 화양동 110-37 화양타워 1층 ,"서울특별시 광진구 능동로19길 47, 화양타워 1층 (화양동)",5009.0,애플마트화양점,기타식품판매업,,37.5470291,127.0711718
02 4475562,143888,서울특별시 광진구 중곡동 79-11 (1층) ,"서울특별시 광진구 영화사로 14 (중곡동,(1층))",4949.0,대우홈마트,기타식품판매업,,37.5578343,127.0887943
0220241050,143758,서울특별시 광진구 자양동 227-7 지하1층 ,"서울특별시 광진구 아차산로 272, 지하1층 (자양동)",5065.0,(주)이마트자양점,기타식품판매업,,37.5378028,127.0726322
02 4691334,143-914,서울특별시 광진구 화양동 10-1 한아름빌딩1층,"서울특별시 광진구 능동로13길 39 (화양동,한아름빌딩1층)",5016.0,지에스(GS)더프레시 광진화양점,기타식품판매업,,37.5435023,127.0699004
,130030,서울특별시 동대문구 답십리동 265-4 답십리 근린생활시설 ,"서울특별시 동대문구 전농로 44, 답십리 근린생활시설 1층 (답십리동)",2615.0,조은할인마트,기타식품판매업,,37.5688047,127.0573354
0222467292,130805,서울특별시 동대문구 답십리동 530-11 ,"서울특별시 동대문구 고미술로 49, 지하1층 (답십리동)",2604.0,(주)이마트에브리데이답십리점,기타식품판매업,기타,37.567571,127.0532914
,130836,서울특별시 동대문구 장안동 108-5 ,"서울특별시 동대문구 한천로 190, 1층 (장안동)",2525.0,가자마트,기타식품판매업,,37.5778842,127.0685685
02  33948414,130844,서울특별시 동대문구 장안동 427-3 ,서울특별시 동대문구 장한로9길 24-5 (장안동),2629.0,장안두꺼비왕식자재마트 주식회사,기타식품판매업,,37.5664146,127.0659727
0269082123,130100,서울특별시 동대문구 장안동 580 ,"서울특별시 동대문구 한천로 42, 지하1층 (장안동)",2631.0,노브랜드동대문장안점,기타식품판매업,,37.5662733,127.0621813
02  962 6746,130875,서울특별시 동대문구 휘경동 151-3 (1층) ,"서울특별시 동대문구 휘경로 53 (휘경동, 1층)",2428.0,정할인마트이경시장(주),기타식품판매업,,37.5946054,127.0660318
02  951 9334,130827,서울특별시 동대문구 이문동 250-1 1층 ,"서울특별시 동대문구 이문로 200, 1층 (이문동)",2406.0,원마트,기타식품판매업,,37.6044247,127.0624309
02  22158015,130030,서울특별시 동대문구 답십리동 80-0 지하1층 ,"서울특별시 동대문구 전농로10길 20 (답십리동, 지하1층)",2536.0,1등마트,기타식품판매업,,37.5744795,127.0597451
02  472 5604,134-813,서울특별시 강동구 길동 384-1,서울특별시 강동구 성안로 176 (길동),5354.0,롯데슈퍼 길동점,기타식품판매업,,37.5385306,127.1363743
,130846,서울특별시 동대문구 장안동 462 ,"서울특별시 동대문구 장한로2길 33, 1층 (장안동)",2644.0,더드림식자재마트,기타식품판매업,,37.5622525,127.0671776
,130030,서울특별시 동대문구 답십리동 1003-2 ,"서울특별시 동대문구 답십리로 140, 지하1층 1호 (답십리동)",2598.0,세기할인마트,기타식품판매업,,37.5724723,127.0556424
,130865,서울특별시 동대문구 제기동 1019 경동시장 ,"서울특별시 동대문구 고산자로36길 3, 경동시장(신관) 2층 60101호 (제기동)",2571.0,노브랜드서울경동시장점,기타식품판매업,,37.57973,127.03854
,130060,서울특별시 동대문구 제기동 1212 한신아파트 ,"서울특별시 동대문구 고산자로 534, 상가동 지하1층 (제기동, 한신아파트)",2467.0,한신마트,기타식품판매업,,37.586666,127.037319
0222470321,130883,서울특별시 동대문구 답십리동 68-1 1층 ,"서울특별시 동대문구 전농로 94, 1층 (답십리동)",2538.0,성훈마트,기타식품판매업,,37.5731779,127.0577711
02 9591234,130826,서울특별시 동대문구 이문동 292-10 이마트이문점 ,"서울특별시 동대문구 이문로 136, 지하1층 (이문동, 이마트이문점)",2418.0,(주)이마트에브리데이 이문점,기타식품판매업,,37.598488,127.0618949
02  481 5200,134830,서울특별시 강동구 명일동 309-4 삼익상가,"서울특별시 강동구 양재대로 1666, 삼익상가 지하1층 (명일동)",5266.0,마켓프레고,기타식품판매업,,37.5543899,127.1448295
0233946006,130857,서울특별시 동대문구 전농동 518 동대문롯데캐슬노블레스 ,"서울특별시 동대문구 답십리로23길 30, 지하2층 1호, 2호, 3호 (전농동, 동대문롯데캐슬노블레스)",2551.0,전농플러스마트 주식회사,기타식품판매업,,37.5764456,127.0493621
02 4390600,131816,서울특별시 중랑구 면목동 101-1 ,서울특별시 중랑구 면목로74길 45 (면목동),2161.0,진흥마켓,기타식품판매업,,37.5898356,127.089891
0222499277,130805,서울특별시 동대문구 답십리동 488-18 센시티16,"서울특별시 동대문구 전농로 16, 1층 (답십리동, 센시티16)",2621.0,코끼리마트 답십리점,기타식품판매업,,37.5662931,127.0561502
02  962 8915,130-870,서울특별시 동대문구 청량리동 738,"서울특별시 동대문구 홍릉로 13 (청량리동, 1층일부)",2573.0,굿데이마트,기타식품판매업,,37.58143920000001,127.04439
0221738153,130-817,서울특별시 동대문구 용두동 33-1 지하2층,"서울특별시 동대문구 천호대로 133, 지하2층 (용두동)",2565.0,홈플러스(주)동대문점,기타식품판매업,,37.5745098,127.0387891
02  432 3100,131828,서울특별시 중랑구 면목동 650 ,서울특별시 중랑구 면목로39길 11 (면목동),2239.0,(주)이마트에브리데이 면목동점,기타식품판매업,,37.5795472,127.0862966
02 9637701,136818,서울특별시 성북구 석관동 270-1 1동 4호,"서울특별시 성북구 돌곶이로22가길 27, 1동 4호 (석관동)",2784.0,탑마트,기타식품판매업,,37.6091913,127.0602942
02 4348545,131-806,서울특별시 중랑구 망우동 410-1,서울특별시 중랑구 용마산로 494 (망우동),2182.0,홈플러스 익스프레스 망우점,기타식품판매업,,37.5973668,127.0955186
02 4399945,131879,서울특별시 중랑구 중화동 297-56 ,"서울특별시 중랑구 중랑역로 12, 1층 (중화동)",2109.0,(주)홍마트,기타식품판매업,,37.5953781,127.0767659
02 4938249,131809,서울특별시 중랑구 망우동 572 용마프라자 1층 ,"서울특별시 중랑구 봉우재로71길 18 (망우동,용마프라자 1층)",2167.0,우림시장식자재마트,기타식품판매업,,37.5963289,127.0988269
0234598000,131-883,서울특별시 중랑구 중화동 314-1,서울특별시 중랑구 동일로129길 35 (중화동),2104.0,홈플러스 슈퍼익스프레스 태릉점,기타식품판매업,,37.6035619,127.0817647
0220831052,131848,"서울특별시 중랑구 묵동 170-1 지하 1, 2층 ","서울특별시 중랑구 동일로 932 (묵동,지하 1, 2층)",2033.0,(주)이마트 묵동점,기타식품판매업,,37.6138455,127.0775528
02 4940016,131827,서울특별시 중랑구 면목동 353-55 (지1층) ,"서울특별시 중랑구 면목로35길 9, 지하1층 (면목동, 동진노블클래스)",2240.0,유마트면목점,기타식품판매업,,37.5780584,127.0852882
02  496 0900,131868,서울특별시 중랑구 신내동 405-1 ,서울특별시 중랑구 봉화산로 231 (신내동),2054.0,(주)가락공판장 신내점,기타식품판매업,,37.6082742,127.0983148
02 9732100,131848,서울특별시 중랑구 묵동 174-4 지1층 ,"서울특별시 중랑구 공릉로2길 7 (묵동, 지1층)",2034.0,365두리마트,기타식품판매업,,37.6122016,127.078474
02  492 5958,131813,서울특별시 중랑구 면목동 472-8 ,"서울특별시 중랑구 면목로44길 28, 1층 (면목동, 아람플러스리빙)",2214.0,(주)텃밭할인마트사가정역,기타식품판매업,,37.5808666,127.0896647
,131861,"서울특별시 중랑구 상봉동 136-50 지하01호, 지하02호, 지하03호, 지하04호 ","서울특별시 중랑구 망우로30길 8, 지하1층 지하01,지하02,지하03,지하04호 (상봉동)",2119.0,(주)진선우유통,기타식품판매업,,37.5928672,127.0742971
02 4358944,131876,서울특별시 중랑구 중화동 287-11 ,"서울특별시 중랑구 봉화산로 56, 지상1층 (중화동)",2088.0,(주)중랑식자재마트,기타식품판매업,,37.6013412,127.0804937
02 9480570,131850,서울특별시 중랑구 묵동 188-10 ,서울특별시 중랑구 동일로 842 (묵동),2046.0,서울원예농업협동조합,기타식품판매업,기타,37.60556,127.0789933
02 4955280,131-821,서울특별시 중랑구 면목동 160-1,"서울특별시 중랑구 동일로96길 20, 1층 (면목동)",2224.0,에이치케이세계로할인마트,기타식품판매업,,37.5845287,127.0809775
433 8022,131-802,서울특별시 중랑구 망우동 147-9,서울특별시 중랑구 용마산로118길 94 (망우동),2066.0,동서울농업협동조합 하나로마트 망우점,기타식품판매업,,37.6012084,127.1090882
0269228100,131-857,서울특별시 중랑구 상봉동 73-10 지1층,"서울특별시 중랑구 망우로 353 (상봉동, 지1층)",2087.0,홈플러스(주)서울상봉점,기타식품판매업,,37.5981008,127.0905139
02 9441052,136800,"서울특별시 성북구 길음동 25-2 지하1층, 1층 4층, 5층 ",서울특별시 성북구 도봉로 17 (길음동),2729.0,이마트미아점,기타식품판매업,,37.61085600000001,127.029728
,136836,서울특별시 성북구 장위동 229-28 ,"서울특별시 성북구 장위로 53, 1층 (장위동)",2755.0,(주)엘슈퍼마켓,기타식품판매업,,37.6148045,127.0470197
02 9431999,136802,서울특별시 성북구 길음동 540-2 ,"서울특별시 성북구 길음로7길 36-12, 지상1층 (길음동, 동경프라자)",2721.0,(주)월드마트길음,기타식품판매업,,37.603306,127.0219693
,136820,서울특별시 성북구 석관동 349-1 ,"서울특별시 성북구 화랑로 248, 지하1층 (석관동, 101호~105호)",2787.0,(주)진로식자재마트,기타식품판매업,,37.6103086,127.0569443
02   9368900,136817,서울특별시 성북구 석관동 135-2 스토니브룩오피스텔 ,"서울특별시 성북구 한천로66길 189, 스토니브룩오피스텔 1층 (석관동)",2781.0,농축수산물제이와이,기타식품판매업,,37.6131719,127.0656781
,136871,서울특별시 성북구 하월곡동 79-107 에스엠메디칼 ,"서울특별시 성북구 월계로 52, 에스엠메디칼 지하1층 B1,B2호 (하월곡동)",2741.0,진로할인마트,기타식품판매업,,37.6114335,127.0355473
02 7659998,136824,서울특별시 성북구 성북동 132-3 운석빌딩,"서울특별시 성북구 성북로 49, 운석빌딩 1층 (성북동)",2880.0,투민,기타식품판매업,,37.5920251,127.0024052
02  923 4287,136863,서울특별시 성북구 종암동 124-47 ,"서울특별시 성북구 종암로21길 116, 1층 (종암동)",2802.0,(주)종암진로마트,기타식품판매업,,37.6032849,127.0309021
,136863,서울특별시 성북구 종암동 3-1342 청한빌딩 ,"서울특별시 성북구 종암로 129, 청한빌딩 1층층 (종암동)",2803.0,웰빙마트,기타식품판매업,,37.6013926,127.0326577
0234230100,131-866,서울특별시 중랑구 신내동 797-0,서울특별시 중랑구 신내로14길 21 (신내동),2067.0,수협바다마트신내점,기타식품판매업,,37.6060541,127.0971415
,136-150,서울특별시 성북구 석관동 10 두산아파트 주상가동 B01호,"서울특별시 성북구 화랑로48길 16, 주상가동 지하1층 B01호 (석관동, 두산아파트)",2780.0,(주) 럭키할인마트,기타식품판매업,,37.6126553,127.0687059
02916 2012,136-826,서울특별시 성북구 장위동 118-2,서울특별시 성북구 장위로 189 (장위동),2764.0,우리농축산공판장,기타식품판매업,,37.6167672,127.055878
02 9218053,136060,서울특별시 성북구 돈암동 609-1 스카이프라자 동관 1401호 ,"서울특별시 성북구 성북로4길 52 (돈암동,스카이프라자 동관 1401호)",2831.0,(주)지에스리테일,기타식품판매업,주택가주변,37.5944161,127.0113828
0236720226,136823,서울특별시 성북구 성북동 94-1 ,"서울특별시 성북구 성북로 122, 지하1층 (성북동)",2837.0,(주)이마트에브리데이 성북동점,기타식품판매업,주택가주변,37.5940041,126.9961036
02 9185531,136120,서울특별시 성북구 상월곡동 101 동아아파트 상가동 B05호,"서울특별시 성북구 장월로1길 28, 상가동 B05호 (상월곡동,동아아파트)",2753.0,제일홈마트,기타식품판매업,,37.6078598,127.0454247
0232913333,136060,서울특별시 성북구 돈암동 636 브라운스톤 돈암아파트 상가동 101호,"서울특별시 성북구 북악산로 844, 상가동 101호 (돈암동, 브라운스톤 돈암 아파트)",2828.0,(주)지에스리테일GS수퍼성북돈암점,기타식품판매업,,37.5979283,127.0175498
070 42417046,136130,서울특별시 성북구 하월곡동 227 ,"서울특별시 성북구 화랑로11길 26, 지상1층층 (하월곡동, 갑을명가아파트 1층상가(100호 외 28개호))",2751.0,제이엘마켓탑,기타식품판매업,,37.6031426,127.04199
032 321 1135,122813,서울특별시 은평구 갈현동 469-1 호림리슈리안아파트,"서울특별시 은평구 서오릉로 174, 지하1층 B01호 (갈현동, 호림리슈리안아파트)",3336.0,(주)해성마트,기타식품판매업,,37.6128874,126.9141991
02 9126704,136130,서울특별시 성북구 하월곡동 222 월곡두산위브아파트 ,"서울특별시 성북구 오패산로 46, 상가동 157~160, 162~165호 (하월곡동, 월곡두산위브아파트)",2750.0,하나로마트월곡점,기타식품판매업,,37.6070327,127.0383656
02 9156683,136845,서울특별시 성북구 정릉동 407-3 (지상1층) ,"서울특별시 성북구 보국문로 23 (정릉동,(지상1층))",2710.0,세계로마트정릉점,기타식품판매업,,37.606625,127.0105014
,150-899,서울특별시 영등포구 영등포동 621,"서울특별시 영등포구 영신로9라길 2, 1층 (영등포동)",7366.0,홈마트,기타식품판매업,,37.5126405,126.9061164
0221171023,136-800,서울특별시 성북구 길음동 20-1 (지하1층),"서울특별시 성북구 동소문로 315, 지하1층 (길음동)",2730.0,(주)현대백화점미아점,기타식품판매업,,37.6083741,127.0287248
0236698124,136-865,서울특별시 성북구 하월곡동 46-73 코업스타클래스 (지하1층),"서울특별시 성북구 화랑로 76 (하월곡동,코업스타클래스 (지하1층))",2751.0,홈플러스(주)월곡점,기타식품판매업,,37.6018094,127.0403791
02 9420066,136110,서울특별시 성북구 길음동 1286 길음뉴타운9단지래미안상가 상가동 217호,"서울특별시 성북구 길음로9길 50, 상가동 217호 (길음동, 길음뉴타운9단지래미안상가 (217호~228호))",2721.0,(주)경기마트정릉,기타식품판매업,,37.6035622,127.0198289
0269361252,136130,"서울특별시 성북구 하월곡동 230 동일하이빌뉴시티 (지하1층,지하2층,지상1층) ","서울특별시 성북구 종암로 167, 지하1,2층,지상1층 (하월곡동, 동일하이빌뉴시티)",2734.0,(주)이마트 하월곡점,기타식품판매업,,37.6052674,127.0308419
02 9150097,136845,서울특별시 성북구 정릉동 404-3 ,"서울특별시 성북구 보국문로11길 5, 지상1층 (정릉동)",2710.0,금메달마트,기타식품판매업,,37.6081583,127.0096684
02  987 5167,142060,서울특별시 강북구 번동 242-4 ,"서울특별시 강북구 한천로105길 7, 지1층 (번동)",1230.0,번동싱싱마트,기타식품판매업,,37.6261182,127.0470415
02  980 3388,142724,서울특별시 강북구 미아동 60-5 숭인시장 ,"서울특별시 강북구 도봉로 45, 숭인시장 (미아동)",1211.0,숭인마트 식자재,기타식품판매업,,37.6130238,127.0289642
,142874,"서울특별시 강북구 수유동 63 지하층(B001,003,004,006,007,008,009,010호) ","서울특별시 강북구 도봉로 261 (수유동, 지하층(B001,003,004,006,007,008,009,010호))",1114.0,드림마트체인,기타식품판매업,,37.6316962,127.0234508
02 9859500,142861,서울특별시 강북구 번동 161-1 ,서울특별시 강북구 오현로32길 18 (번동),1224.0,(주)이마트에브리데이 번동점,기타식품판매업,,37.6281561,127.0402148
02 9825949,142821,서울특별시 강북구 미아동 701-3 ,서울특별시 강북구 솔샘로 233 (미아동),1189.0,동북쇼핑식자재마트,기타식품판매업,,37.6202466,127.018795
02  32813651,142814,서울특별시 강북구 미아동 1351 두원프라자 112호 ,"서울특별시 강북구 도봉로 157 (미아동, 두원프라자 112호)",1171.0,(주)이마트에브리데이 미아동점,기타식품판매업,,37.6227386,127.0270046
9893366,142060,서울특별시 강북구 번동 306-11 지하1층 ,"서울특별시 강북구 오현로 190 (번동,지하1층)",1224.0,한아름할인마트,기타식품판매업,,37.6284556,127.039389
,142864,서울특별시 강북구 번동 418-1 ,서울특별시 강북구 도봉로 358 (번동),1063.0,수유마트,기타식품판매업,,37.6392496,127.0273378
02  21555168,134811,서울특별시 강동구 길동 348-6,"서울특별시 강동구 양재대로 1504, B동 (길동)",5343.0,주식회사 오아시스 길동역점,기타식품판매업,,37.5398815,127.1411203
02  26719095,142874,"서울특별시 강북구 수유동 50-75 109,118,119,104,105,107,110~114,117,120~122,124~146 ","서울특별시 강북구 도봉로71가길 11, 1층 (수유동, 109,118,119,104,105,107,110~114,117,120~)",1114.0,빅마트 수유점,기타식품판매업,,37.6319205,127.0222229
02  996 8767,142070,서울특별시 강북구 수유동 568-82 1층 ,"서울특별시 강북구 4.19로 32, 1층 (수유동)",1011.0,골드마트,기타식품판매업,,37.6475576,127.0106189
0209840008,142100,서울특별시 강북구 미아동 1353-5 ,"서울특별시 강북구 솔샘로 184 (미아동, 에스케이북한산시티주상가B201)",1192.0,주식회사 에스케이할인마트,기타식품판매업,,37.619969,127.0127927
02 9072941,142864,서울특별시 강북구 번동 413-3 ,서울특별시 강북구 한천로123길 26 (번동),1066.0,북부할인마트,기타식품판매업,,37.6362361,127.0303452
02  980 5670,142815,서울특별시 강북구 미아동 318-5 ,"서울특별시 강북구 도봉로33길 18 (미아동, 성북프라자 1층)",1175.0,하나로마트 미아점,기타식품판매업,,37.621567,127.0264602
02 9908791,142877,서울특별시 강북구 수유동 332-34 ,서울특별시 강북구 삼양로 450 (수유동),1041.0,(주)삼주국민마트,기타식품판매업,주택가주변,37.6434685,127.0165557
02 9928181,142870,서울특별시 강북구 수유동 405-5 ,서울특별시 강북구 삼양로91길 11-12 (수유동),1090.0,정우마트,기타식품판매업,주택가주변,37.6362167,127.0161338
02 9042872,142872,서울특별시 강북구 수유동 32-2 ,서울특별시 강북구 노해로17길 21 (수유동),1076.0,(주)삼우마트,기타식품판매업,,37.6403461,127.0213277
02 9567334,132848,서울특별시 도봉구 방학동 662-26 ,서울특별시 도봉구 도당로 75 (방학동),1356.0,주식회사 세계로마트,기타식품판매업,주택가주변,37.6649098,127.0354191
,132896,서울특별시 도봉구 쌍문동 711 금강아미움파크타운 114~1호,"서울특별시 도봉구 방학로5길 33, 1층 114~120, 123~126호 (쌍문동, 금강아미움파크타운)",1391.0,용호식자재마트,기타식품판매업,,37.6613476,127.0381877
02 9980031,132872,"서울특별시 도봉구 쌍문동 215-1 지층, 1~3,5,7,9,11,13~16,18,20~23,25~29호 ","서울특별시 도봉구 해등로26길 7, 지층, 1~3,5,7,9,11,13~16,18,20~23,25~29호 (쌍문동)",1387.0,홈마트,기타식품판매업,,37.6585049,127.0326011
,132800,"서울특별시 도봉구 도봉동 30-1 도봉한신아파트 상가1동 지층 1호,16호","서울특별시 도봉구 도봉로180나길 41, 도봉한신아파트 상가1동 지층 1호,16호 (도봉동)",1318.0,주식회사 만인유통,기타식품판매업,,37.6857362,127.0480605
02  380 5123,137180,서울특별시 서초구 내곡동 391 내곡 SH 플라자 1층,"서울특별시 서초구 청계산로9길 70, 내곡 SH 플라자 1층 (내곡동)",6800.0,(주)이마트에브리데이 서초내곡점,기타식품판매업,,37.4534574,127.0597767
02 9030900,132920,서울특별시 도봉구 창동 628-20 ,서울특별시 도봉구 도봉로104길 53 (창동),1460.0,(주)이마트에브리데이,기타식품판매업,,37.6434822,127.0350921
02  34922288,132834,서울특별시 도봉구 방학동 461-2 ,서울특별시 도봉구 방학로15길 19 (방학동),1362.0,더브러마트 방학점,기타식품판매업,,37.6605717,127.0243812
907 0095,132861,서울특별시 도봉구 쌍문동 59 ,서울특별시 도봉구 해등로 229 (쌍문동),1430.0,진로마트(비타민유통),기타식품판매업,,37.6570391,127.0313224
02 9011234,132-904,서울특별시 도봉구 창동 135-26,서울특별시 도봉구 노해로65길 4 (창동),1405.0,(주)이마트,기타식품판매업,,37.6520214,127.0473283
02 9568884,132020,서울특별시 도봉구 방학동 734 청구상가 지층 ,"서울특별시 도봉구 해등로 268 (방학동, 청구상가 지층)",1363.0,럭키마트,기타식품판매업,아파트지역,37.6580108,127.0261432
02 9980031,132871,서울특별시 도봉구 쌍문동 210 가동 지층 101호,서울특별시 도봉구 해등로 218 (쌍문동),1387.0,농민마트,기타식품판매업,,37.6581696,127.0323113
02 385 7770,122813,서울특별시 은평구 갈현동 469-1 호림리슈리안아파트,"서울특별시 은평구 서오릉로 174, 109, 110, 111호 (갈현동, 호림리슈리안아파트)",3336.0,주식회사 푸르네마트 갈현동지점,기타식품판매업,,37.6128874,126.9141991
02 9552008,132820,서울특별시 도봉구 도봉동 611 1층 ,"서울특별시 도봉구 도당로27길 60 (도봉동,1층)",1349.0,정할인마트,기타식품판매업,,37.6702687,127.0412289
02 9970012,132922,"서울특별시 도봉구 창동 632-39 외 6필지 1,2층 ","서울특별시 도봉구 우이천로20길 38, 1,2층 (창동)",1466.0,주)진로우성물산,기타식품판매업,,37.6415701,127.0351149
02 9062024,132918,서울특별시 도봉구 창동 581-28 삼익쇼핑상가 지하 ,"서울특별시 도봉구 덕릉로57길 30 (창동,삼익쇼핑상가 지하)",1470.0,드림마트,기타식품판매업,,37.6400034,127.0372143
02 9002101,132892,서울특별시 도봉구 쌍문동 619 ,서울특별시 도봉구 해등로 166 (쌍문동),1395.0,북서울농업협동조합,기타식품판매업,기타,37.6573484,127.038499
02  874 3651,132890,서울특별시 도봉구 쌍문동 508-1 1층 ,"서울특별시 도봉구 삼양로 610, 1층 (쌍문동)",1366.0,(주)이마트에브리데이 쌍문동점,기타식품판매업,,37.6574249,127.0140134
02  9122080,132-854,서울특별시 도봉구 방학동 707-7,서울특별시 도봉구 도봉로 678 (방학동),1334.0,홈플러스(주)방학점,기타식품판매업,,37.6624252,127.0418251
0234996234,132-898,서울특별시 도봉구 창동 1-10,서울특별시 도봉구 마들로11길 20 (창동),1413.0,농협유통창동농산물종합유통센타,기타식품판매업,,37.6547765,127.0508036
02 9950949,132907,서울특별시 도봉구 창동 297-16 ,서울특별시 도봉구 해등로12길 3 (창동),1402.0,(주)창동한국유통농축산물센터,기타식품판매업,,37.65366059999999,127.0414586
02 9930017,132881,서울특별시 도봉구 쌍문동 358 ,"서울특별시 도봉구 우이천로32길 38, 1층 (쌍문동, 동주빌딩)",1381.0,(주)해나온,기타식품판매업,,37.6492775,127.025319
,139856,서울특별시 노원구 중계동 160-1 기업은행 ,"서울특별시 노원구 덕릉로 690, 기업은행 1층 (중계동)",1715.0,(주)이마트에브리데이 상계역점,기타식품판매업,,37.6591724,127.0757695
02  9972202,132925,서울특별시 도봉구 창동 812 창동현대타운 101동 121호~148호,"서울특별시 도봉구 도봉로114길 22-8 (창동, 창동현대타운 101동 121호 ~ 148호)",1455.0,엘마트창동,기타식품판매업,,37.6473276,127.0356466
,132904,서울특별시 도봉구 창동 731-14,서울특별시 도봉구 도봉로136가길 24 (창동),1401.0,창동식자재마트,기타식품판매업,,37.65772,127.041284
02 9319557,139812,서울특별시 노원구 상계동 110-9 ,"서울특별시 노원구 덕릉로 805, 1층 101~109호 (상계동)",1637.0,주식회사 한라마트,기타식품판매업,,37.6688978,127.0797237
,139810,서울특별시 노원구 상계동 72-8 ,"서울특별시 노원구 덕릉로126길 2, B102, B103호 (상계동)",1644.0,(주)이마트에브리데이 당고개역점,기타식품판매업,,37.6701771,127.0813984
02  933 5122,139821,서울특별시 노원구 상계동 591-23 ,서울특별시 노원구 상계로3길 35 (상계동),1693.0,두꺼비유통 노원(주),기타식품판매업,,37.6577622,127.0621881
02  936 6424,139837,서울특별시 노원구 상계동 1119-2 ,"서울특별시 노원구 동일로242길 5, 1층 (상계동)",1625.0,수락홈마트,기타식품판매업,,37.6761035,127.0559598
02 9486767,139800,서울특별시 노원구 공릉동 89-1 대덕프라자 ,"서울특별시 노원구 노원로1길 67, 대덕프라자 지층 101,102호 (공릉동)",1827.0,(주)이마트에브리데이 공릉동점,기타식품판매업,,37.6208105,127.0836023
02 9511641,139854,서울특별시 노원구 중계동 58-34 이연아마빌레 ,"서울특별시 노원구 중계로12길 39 (중계동, 이연아마빌레)",1726.0,(주)이마트에브리데이 중계동점,기타식품판매업,,37.6465866,127.0826437
02 9775949,139804,서울특별시 노원구 공릉동 408-4 건설빌딩 ,"서울특별시 노원구 공릉로 187, 건설빌딩 지층 (공릉동)",1834.0,진로마트,기타식품판매업,,37.626444,127.0788963
02 9300617,139200,서울특별시 노원구 상계동 670-2 상계주공아파트 9단지상가 ,"서울특별시 노원구 노원로 540, 상계주공아파트 9단지상가 지층 (상계동)",1676.0,웰마트,기타식품판매업,,37.6614571,127.0593957
02 9308545,139-924,서울특별시 노원구 중계동 360-2 청구3차아파트,"서울특별시 노원구 중계로 225, 청구3차아파트 (중계동)",1742.0,홀플러스(주)익스프레스 중계점,기타식품판매업,,37.6497677,127.074364
0220921234,139-842,서울특별시 노원구 월계동 333-1 월계이마트,"서울특별시 노원구 마들로3길 15, 월계이마트 (월계동)",1906.0,이마트월계점,기타식품판매업,,37.62644,127.0619091
0220910011,139719,서울특별시 노원구 상계동 684 (주)맥스아웃 상계빌딩 ,서울특별시 노원구 한글비석로 471 (주)맥스아웃 상계빌딩 (상계동),1678.0,(주)GS리테일 상계점,기타식품판매업,기타,37.6641181,127.0655654
02 9307145,139838,서울특별시 노원구 상계동 1132-14 K마트 ,"서울특별시 노원구 동일로 1675, K마트 (상계동)",1607.0,수락케이마트,기타식품판매업,,37.6780892,127.0548422
,151872,서울특별시 관악구 신림동 504-6 신림프라자,"서울특별시 관악구 조원로 132, 신림프라자 지층 , 2층1호 (신림동)",8762.0,진흥마트,기타식품판매업,,37.4852086,126.9169245
0209330507,139200,서울특별시 노원구 상계동 624 상계주공15단지아파트 ,"서울특별시 노원구 동일로227길 26, 지층 (상계동, 상계주공15단지아파트)",1617.0,(주)상록리테일,기타식품판매업,,37.6686255,127.0533712
02 9747503,139840,"서울특별시 노원구 월계동 13 월계미륭아파트,월계삼호아파트 ","서울특별시 노원구 마들로 111, 지층 1호 (월계동, 월계미륭아파트,월계삼호아파트)",1909.0,농협하나로마트월계점,기타식품판매업,,37.6245902,127.0654159
02 9914106,139848,서울특별시 노원구 월계동 600 월계1단지주공아파트 ,"서울특별시 노원구 월계로49길 5, 지층 (월계동, 월계1단지주공아파트)",1880.0,월계파워마트,기타식품판매업,,37.6292032,127.0559851
02 9342001,139821,서울특별시 노원구 상계동 581-6 동진상가 ,"서울특별시 노원구 상계로1길 74, 동진상가 지층 (상계동)",1693.0,M-mart(엠마트),기타식품판매업,,37.6593861,127.0615421
,139816,서울특별시 노원구 상계동 366-4 대감프라자빌딩,"서울특별시 노원구 노원로 461, 대감프라자빌딩 (상계동)",1691.0,두꺼비왕식자재마트(주),기타식품판매업,,37.6573916,127.0655896
02 447 4369,143873,서울특별시 광진구 자양동 663-21 (1층),"서울특별시 광진구 자양로5길 33 (자양동,(1층))",5102.0,자양마트,기타식품판매업,,37.5309059,127.0841536
02 9484141,139230,서울특별시 노원구 하계동 256 중계주공9단지아파트 ,"서울특별시 노원구 노원로16길 15, 지층 (하계동, 중계주공9단지아파트)",1748.0,한남마트,기타식품판매업,,37.6426865,127.0737866
02  930 2090,139837,서울특별시 노원구 상계동 1037-2,서울특별시 노원구 수락산로 220-1 (상계동),1616.0,(주)애플마트,기타식품판매업,,37.6710966,127.0543904
02  951 5930,139837,서울특별시 노원구 상계동 1021-1 ,서울특별시 노원구 동일로 1608 (상계동),1631.0,(주)이마트에브리데이 상계점,기타식품판매업,,37.6719805,127.0562603
02  933 8901,139710,서울특별시 노원구 중계동 364-17 유경백화점,"서울특별시 노원구 한글비석로 232, 유경백화점 1층 (중계동)",1734.0,진로마트,기타식품판매업,,37.6483769,127.0769291
,139-840,서울특별시 노원구 월계동 18 그랑빌아파트,"서울특별시 노원구 마들로 31, 지층 (월계동, 그랑빌아파트)",1913.0,지에스더프레시(노원월계점),기타식품판매업,,37.6178025,127.0685682
02  986 2080,139-926,서울특별시 노원구 중계동 509-2 홈플러스,"서울특별시 노원구 동일로204가길 12, 홈플러스 지2층 (중계동)",1783.0,홈플러스(주) 중계점,기타식품판매업,,37.6399182,127.0686084
02 9754697,139240,서울특별시 노원구 공릉동 581-1 공릉쇼핑센타,"서울특별시 노원구 동일로180길 14, 공릉쇼핑센타 지층 (공릉동)",1848.0,(주)에스엠케이 파워마트,기타식품판매업,,37.6220575,127.075264
02  932 7272,139200,서울특별시 노원구 상계동 720-2,서울특별시 노원구 동일로218길 44 (상계동),1752.0,에스마트,기타식품판매업,,37.6538625,127.0632792
02  938 0088,139816,서울특별시 노원구 상계동 382 ,"서울특별시 노원구 상계로12길 7, 1층 (상계동)",1697.0,(주)이플러스마트,기타식품판매업,,37.6575613,127.0683874
02  931 8300,139812,서울특별시 노원구 상계동 108-1 대림프라자 ,"서울특별시 노원구 덕릉로 804, 대림프라자 1층 (상계동)",1646.0,에스비유통(우리농축산공판장),기타식품판매업,,37.6685946,127.0800143
02  930 9118,139816,서울특별시 노원구 상계동 318-1 ,"서울특별시 노원구 노원로 412, 1층 (상계동)",1704.0,멜론플러스,기타식품판매업,,37.6533981,127.0680614
02  930 1588,139837,서울특별시 노원구 상계동 1038-2 ,"서울특별시 노원구 동일로231길 17, 나동 (상계동)",1616.0,가락공판장 상계점,기타식품판매업,,37.6719999,127.0544923
02  33925380,139855,서울특별시 노원구 중계동 311-25 ,"서울특별시 노원구 중계로 119, 1층 (중계동)",1740.0,노브랜드 노원중계점,기타식품판매업,,37.6460242,127.081528
02  974 3289,139865,"서울특별시 노원구 중계동 512 중계무지개아파트2단지상가,유치원 ","서울특별시 노원구 동일로 1280, 중계무지개아파트2단지상가,유치원 지층 15호 (중계동)",1782.0,지구마트,기타식품판매업,,37.6431659,127.0662365
02  63204922,139-050,서울특별시 노원구 월계동 333-1 월계트레이더스,"서울특별시 노원구 마들로3길 17, 월계트레이더스 1층 (월계동)",1906.0,트레이더스 홀세일 클럽 월계점,기타식품판매업,,37.6278244,127.0613885
02  938 9742,139859,서울특별시 노원구 중계동 369-7 주공2단지아파트 ,"서울특별시 노원구 한글비석로 332, 주공2단지상가 지층 1호 (중계동)",1718.0,중계동마트,기타식품판매업,,37.6474085,127.0692921
02 3081100,122924,서울특별시 은평구 응암동 595-2 외1필지(1층) ,"서울특별시 은평구 응암로 165 (응암동,외1필지(1층))",3485.0,(주)사과마을,기타식품판매업,,37.5869265,126.91607
02  388 2100,122847,"서울특별시 은평구 불광동 631-1 지상1층(108,109호, 160~193호) ","서울특별시 은평구 불광로 90, 1층 (불광동)",3364.0,투게더 할인마트,기타식품판매업,,37.6147539,126.9328608
02 3888925,122879,서울특별시 은평구 신사동 7-10 지층 ,"서울특별시 은평구 갈현로 34 (신사동,지층)",3422.0,서서울농협하나로마트신사점,기타식품판매업,주택가주변,37.5957804,126.9140628
0203869223,122901,서울특별시 은평구 역촌동 68-34 ,서울특별시 은평구 연서로3길 38 (역촌동),3419.0,현대화 마트,기타식품판매업,,37.6018657,126.9172818
02 3850044,122829,서울특별시 은평구 녹번동 79-2 ,서울특별시 은평구 은평로 203 (녹번동),3383.0,진흥마켓,기타식품판매업,,37.6017213,126.9303511
02  376 1052,122919,서울특별시 은평구 응암동 402-5 (지상1층),"서울특별시 은평구 응암로22길 22-1 (응암동,(지상1층))",3468.0,주식회사 신비로유통,기타식품판매업,,37.5932254,126.9206567
0221355594,122825,"서울특별시 은평구 녹번동 19-121 B층 108,109,110,111,112,113,116,117호 ","서울특별시 은평구 통일로 636, B층 108~113,116,117호 (녹번동)",3372.0,웰빙마트,기타식품판매업,,37.6034758,126.9353357
02 3873652,122900,서울특별시 은평구 역촌동 45-17 ,서울특별시 은평구 연서로 85 (역촌동),3416.0,(주)홈마트현백물류,기타식품판매업,,37.6001444,126.9155367
02 3862100,122897,"서울특별시 은평구 역촌동 31-6 1층 110,111,112,113,114호 ","서울특별시 은평구 진흥로1길 28, 1층 (역촌동)",3405.0,주식회사 푸르네마트 역촌지점,기타식품판매업,,37.6029723,126.918957
02  385 2788,122820,서울특별시 은평구 구산동 25-53 1층 ,"서울특별시 은평구 갈현로16길 16, 1층 (구산동)",3414.0,플러스마트,기타식품판매업,,37.6079206,126.9126325
02 3880808,122910,"서울특별시 은평구 응암동 116-17 지상1층 101,102,103호","서울특별시 은평구 응암로 295, 1층 (응암동)",3454.0,다온마트 응암점,기타식품판매업,,37.598156,126.9202408
02  69431234,122873,서울특별시 은평구 수색동 75 ,"서울특별시 은평구 수색로 217 (수색동, 이마트수색점)",3504.0,(주)이마트 수색점,기타식품판매업,,37.5795991,126.8987214
02  355 5100,122837,서울특별시 은평구 대조동 3-81 ,"서울특별시 은평구 통일로 751, 1층 (대조동)",3396.0,불광홈마트,기타식품판매업,,37.611795,126.9278286
0203865522,122-902,서울특별시 은평구 역촌동 71-1 현대화타운 1층,"서울특별시 은평구 갈현로11길 7, 1층 (역촌동, 현대화타운)",3431.0,럭키마트,기타식품판매업,,37.6051172,126.9095684
02 3801234,122-906,서울특별시 은평구 응암동 90-1 은평이마트,"서울특별시 은평구 은평로 111, 은평이마트 (응암동)",3461.0,주)이마트은평점,기타식품판매업,,37.6003946,126.9202149
02  358 8546,122-819,서울특별시 은평구 구산동 1-24,서울특별시 은평구 서오릉로 145 (구산동),3412.0,(주)홈플러스 구산점,기타식품판매업,,37.6125776,126.9096506
02 3836878,122808,서울특별시 은평구 갈현동 393-1 지층 진로식자재마트 2호점 ,"서울특별시 은평구 통일로 897 (갈현동,지층)",3329.0,주식회사 기현,기타식품판매업,주택가주변,37.621541,126.913578
02 3727764,122873,서울특별시 은평구 수색동 106-1 ,서울특별시 은평구 수색로 256 (수색동),3502.0,서부흥업(주)수색마트,기타식품판매업,기타,37.5822064,126.8959734
,120848,서울특별시 서대문구 홍은동 426 연희127빌딩,"서울특별시 서대문구 연희로 286, 연희127빌딩 1~지1층 (홍은동)",3653.0,농민마트,기타식품판매업,,37.5825961,126.9365048
,157839,서울특별시 강서구 등촌동 631-5 NH서울축산농협 NH서울타워 지하1층 B104호,"서울특별시 강서구 양천로 570, NH서울축산농협 NH서울타워 지하1층 B104호 (등촌동)",7551.0,서울축협하나로마트본점,기타식품판매업,,37.55693790000001,126.8621814
02 3373981,120110,"서울특별시 서대문구 연희동 149-48 ,149-52, 149-54,149-64,149-65 ",서울특별시 서대문구 연희로 212 (연희동),3718.0,화창토산(주),기타식품판매업,,37.5760163,126.9359148
02 3643838,120819,서울특별시 서대문구 북아현동 149 일원4획지동 B418호,"서울특별시 서대문구 신촌로35길 10, 지하1층 B418호 (북아현동, 일원4획지동)",3772.0,진로식자재마트,기타식품판매업,,37.5582587,126.9558611
02 3764397,120813,서울특별시 서대문구 북가좌동 306-17 서부코아 지층 ,"서울특별시 서대문구 응암로 54 (북가좌동,서부코아 지층)",3691.0,(주)지에스리테일북가좌점,기타식품판매업,기타,37.5778925,126.9102335
02 3725008,120758,서울특별시 서대문구 남가좌동 376 현대아파트상가 ,서울특별시 서대문구 가재울로 43 (남가좌동),3710.0,수택할인마트,기타식품판매업,,37.5749915,126.920126
0231425841,120827,서울특별시 서대문구 연희동 717-29 (1층) ,"서울특별시 서대문구 홍연길 77 (연희동,(1층))",3695.0,(주)주양쇼핑,기타식품판매업,,37.5767844,126.9306398
02 3955600,120847,서울특별시 서대문구 홍은동 274-82 지하 1층,"서울특별시 서대문구 연희로 271, 지하 1층 (홍은동)",3658.0,하나마트,기타식품판매업,,37.5814873,126.9359447
,120807,"서울특별시 서대문구 남가좌동 349-1 1, 2층 ","서울특별시 서대문구 증가로 141, 1, 2층 (남가좌동)",3692.0,(주) 시티마트,기타식품판매업,,37.5773871,126.9220122
,120771,서울특별시 서대문구 홍은동 455 홍은동벽산아파트 ,"서울특별시 서대문구 세검정로1길 93, 상가A동 B01호 (홍은동, 홍은동벽산아파트)",3612.0,오마켓,기타식품판매업,,37.5953446,126.9448316
02 3126868,121010,서울특별시 마포구 아현동 745-1 ,"서울특별시 마포구 마포대로24안길 3, 지하1,2층 (아현동)",4203.0,케이(K)식자재마트,기타식품판매업,,37.5540213,126.9596248
0231453039,120-834,서울특별시 서대문구 창천동 30-33,서울특별시 서대문구 신촌로 83 (창천동),3789.0,현대백화점신촌점(기타식품),기타식품판매업,,37.5595023,126.9362846
02 3246830,120-825,서울특별시 서대문구 연희동 131-1,서울특별시 서대문구 연희맛로 23 (연희동),3707.0,(주)사러가,기타식품판매업,,37.5671442,126.9296632
02376 8266,120-806,서울특별시 서대문구 남가좌동 330-35,서울특별시 서대문구 모래내로 235 (남가좌동),3693.0,(주)더블유서울,기타식품판매업,,37.5752661,126.9249622
02 3949582,120857,서울특별시 서대문구 홍제동 301-2 홍제빌딩 지하1층 ,"서울특별시 서대문구 통일로 464, 홍제빌딩 지하1층 (홍제동)",3629.0,(주)세계로커머스,기타식품판매업,,37.582161,126.9496757
,120842,서울특별시 서대문구 홍은동 11-419 우리은행 ,"서울특별시 서대문구 홍은중앙로 89, 우리은행 1층 (홍은동)",3604.0,(주)이마트에브리데이홍은점,기타식품판매업,,37.5990436,126.9473472
02  423 0211,138916,서울특별시 송파구 잠실동 27-6 잠실주공아파트,"서울특별시 송파구 올림픽로 203, 잠실중앙상가 지하1층 7호 (잠실동)",5503.0,알파마트 5단지,기타식품판매업,,37.509573,127.0826454
02  304 8276,121270,서울특별시 마포구 상암동 1739 ,"서울특별시 마포구 월드컵북로 496, 1층 (상암동)",3918.0,(주)지에스리테일 GS슈퍼 마포상암점,기타식품판매업,,37.5848643,126.8801328
02   3757268,121904,서울특별시 마포구 상암동 1613 ,"서울특별시 마포구 월드컵북로 356, 1층 (상암동)",3927.0,서서울농협 하나로마트 상암점,기타식품판매업,,37.5773199,126.8929349
02  34598000,121-270,서울특별시 마포구 상암동 1740 월드컵파크프라자 B01호,"서울특별시 마포구 월드컵북로 502 (상암동, 월드컵파크프라자 B01호)",3918.0,홈플러스익스프레스 상암점,기타식품판매업,,37.5850656,126.8798188
,121828,서울특별시 마포구 상수동 157-1 ,"서울특별시 마포구 독막로 100, 1층 (상수동, 세방글로벌시티(102,103,105,106,108,109,110호)   )",4075.0,대농마트,기타식품판매업,,37.54736949999999,126.9246142
,121862,서울특별시 마포구 아현동 618-19 ,"서울특별시 마포구 마포대로 173-14, 지하1층 (아현동)",4130.0,아현식자재마트,기타식품판매업,,37.55100170000001,126.9535976
02  21971234,121852,"서울특별시 마포구 신공덕동 69-2 지하1,지하2,1층,2층 ","서울특별시 마포구 백범로 212 (신공덕동, 지하1,지하2,1층,2층)",4196.0,(주)이마트 마포점,기타식품판매업,,37.5488865,126.9520208
0232740009,121875,서울특별시 마포구 용강동 18-3 세일상가 지하층 ,"서울특별시 마포구 큰우물로 52 (용강동, 세일상가 지하층)",4166.0,(주)레몬마트,기타식품판매업,,37.5420477,126.9443481
02 3133221,121859,서울특별시 마포구 아현동 291-7 청원빌딩2층 ,"서울특별시 마포구 마포대로21길 58 (아현동, 청원빌딩2층)",4116.0,장터쇼핑,기타식품판매업,,37.5557152,126.9555444
,121851,서울특별시 마포구 신공덕동 13-11 ,"서울특별시 마포구 만리재옛길 22, 1층 (신공덕동)",4209.0,공덕할인마트,기타식품판매업,,37.5458675,126.9555617
02 3043448,121850,서울특별시 마포구 성산동 446 제1상가 001호 ,"서울특별시 마포구 월드컵북로 233 (성산동, 제1상가 001호)",3936.0,(주)농협유통 하나로마트 성산점,기타식품판매업,기타,37.5611691,126.9104966
02 7180084,121813,서울특별시 마포구 도화동 251-1 1층 ,"서울특별시 마포구 삼개로 20 (도화동, 1층)",4173.0,에스 마트(S Mart),기타식품판매업,기타,37.5385317,126.9470974
31445253,121892,서울특별시 마포구 창전동 442 한화오벨리스크스위트 B101 ,"서울특별시 마포구 창전로 45 (창전동, 한화오벨리스크스위트 B101)",4086.0,서서울농협 하나로마트 서강점,기타식품판매업,,37.5465933,126.9318228
0269388922,121-919,서울특별시 마포구 서교동 490 메세나폴리스 몰 지하2층,"서울특별시 마포구 양화로 45 (서교동, 메세나폴리스 몰 지하2층)",4036.0,홈플러스(주) 서울합정점,기타식품판매업,,37.5509108,126.9137604
0221311212,121-807,서울특별시 마포구 노고산동 49-31,서울특별시 마포구 신촌로 66 (노고산동),4057.0,(주)농협하나로유통 하나로마트 신촌점,기타식품판매업,,37.5543865,126.9377806
02 3342425,121897,서울특별시 마포구 합정동 375-1 ,서울특별시 마포구 양화진길 5 (합정동),4071.0,(주)합정마트,기타식품판매업,,37.5482205,126.9131717
02 3039894,121849,서울특별시 마포구 성산동 533-1 다농마트 ,"서울특별시 마포구 월드컵로 235 (성산동, 다농마트)",3901.0,다농산업(주)상암지점,기타식품판매업,,37.565686,126.8983486
,121807,서울특별시 마포구 노고산동 57-1 그랜드플라자 ,"서울특별시 마포구 신촌로 94, 지하1~3층 (노고산동)",4058.0,이마트 신촌점,기타식품판매업,,37.5551211,126.9359814
02 3122080,121-849,서울특별시 마포구 성산동 515 월드컵경기장내,"서울특별시 마포구 월드컵로 240 (성산동, 월드컵경기장내)",3932.0,홈플러스,기타식품판매업,,37.5592762,126.9138751
0226423002,158765,서울특별시 양천구 신정동 1279-0 목동현대아파트 상가동 ,"서울특별시 양천구 목동동로12길 60, 상가동 지하1층 (신정동, 목동현대아파트)",8008.0,현대그린마트,기타식품판매업,아파트지역,37.5203883,126.8772356
0226952500,158846,서울특별시 양천구 신월동 986-2 오윤빌딩 지하1층,"서울특별시 양천구 지양로 29, 지하1층 (신월동, 오윤빌딩)",8042.0,우리농산물할인마트,기타식품판매업,,37.5188862,126.8365511
0226456503,158070,서울특별시 양천구 신정동 311 목동신시가지아파트10단지 상가비동 지층101호,"서울특별시 양천구 목동서로 400, 상가비동 지층 101호 (신정동, 목동신시가지아파트10단지)",8090.0,경서농협하나로마트목동점,기타식품판매업,,37.5174035,126.8586826
0226466544,158050,서울특별시 양천구 목동 960 (신한이모르젠) 지하,"서울특별시 양천구 목동중앙북로 7 (목동,(신한이모르젠) 지하)",7946.0,(주)에이치에스리테일 목동점,기타식품판매업,,37.548982,126.8644669
0226958012,158860,서울특별시 양천구 신정동 977-21 지층,"서울특별시 양천구 신월로 313, 지층 (신정동)",8027.0,경서농협하나로마트 신정점,기타식품판매업,,37.5216474,126.8556817
0220395610,158070,서울특별시 양천구 신정동 1320-6 GS양천신은주차빌딩 지상1층 ,"서울특별시 양천구 신정이펜2로 12-1, 지상1층 (신정동, GS양천신은주차빌딩)",8049.0,(주)지에스리테일 GS수퍼 양천신은점,기타식품판매업,,37.5126862,126.8330689
0220628680,158878,"서울특별시 양천구 목동 908-34 부영그린타운3차 112,113,114,119호(매장), B102, B103호(창고) ","서울특별시 양천구 목동동로 411 (목동, 부영그린타운3차)",7984.0,(주)이마트에브리데이 목동중앙점,기타식품판매업,,37.5367392,126.8821871
0226444296,158849,서울특별시 양천구 신정동 128-113 ,"서울특별시 양천구 신목로 34, 지하1층 (신정동)",8015.0,팝마트,기타식품판매업,,37.5186553,126.8740241
0226977070,158845,서울특별시 양천구 신월동 928-1 (지하1층),"서울특별시 양천구 지양로 78 (신월동, 지하1층)",8034.0,우성그린마트,기타식품판매업,,37.522662,126.833615
,158860,서울특별시 양천구 신정동 995-2,"서울특별시 양천구 목동로 183, 1층 (신정동)",8022.0,(주)이마트에브리데이 목동역점,기타식품판매업,,37.5248392,126.8642384
0226552437,158050,서울특별시 양천구 목동 966 목동에버하임,"서울특별시 양천구 목동중앙북로 68, 제비층 B01~09호 (목동, 목동에버하임)",7948.0,상훈자연마트,기타식품판매업,,37.5465877,126.870688
0226424671,158-815,서울특별시 양천구 목동 739-1 (목동보미리즌빌 지하1층),"서울특별시 양천구 목동중앙본로7길 45, 지하1층 (목동, 목동보미리즌빌)",7960.0,베스트마트,기타식품판매업,,37.5391528,126.8663388
02 7044681,140-040,서울특별시 용산구 산천동 202 외 2필지(지하1층),"서울특별시 용산구 원효로 51 (산천동, 외 2필지(지하1층))",4359.0,수협바다마트 원효점,기타식품판매업,,37.5362372,126.9533531
0226518546,158-878,"서울특별시 양천구 목동 908-28 부영그린타운2차 101,102호","서울특별시 양천구 목동동로 401, 101호,102호 (목동, 부영그린타운2차)",7984.0,홈플러스(주) 익스프레스 목동점,기타식품판매업,,37.5363701,126.8810632
0226997357,158843,서울특별시 양천구 신월동 607-1 동방아파트 B101호,"서울특별시 양천구 신월로 220, B101호 (신월동, 동방아파트)",8062.0,월드마트,기타식품판매업,,37.5214502,126.8464686
0266783700,158-721,서울특별시 양천구 목동 917-6 행복한세상 지하1층,"서울특별시 양천구 목동동로 309, 지하1층 (목동, 행복한세상)",7997.0,(주)엠패스트 목동점,기타식품판매업,,37.5293731,126.8760838
,157853,서울특별시 강서구 방화동 614-52 현대빌딩 1층 ,"서울특별시 강서구 방화동로 45-1, 현대빌딩 1층 (방화동)",7620.0,공항할인마트,기타식품판매업,,37.5648706,126.8111265
02 20651581,157010,서울특별시 강서구 화곡동 1159-1 e편한상가 B01 ,"서울특별시 강서구 강서로 254 (화곡동,e편한상가 B01)",7691.0,(주)우리할인마트,기타식품판매업,,37.5483859,126.8368141
0226407778,157290,서울특별시 강서구 외발산동 427 ,"서울특별시 강서구 발산로 40, 서비스동 1층 6호 (외발산동, 강서농산물시장)",7644.0,(주)수인식자재,기타식품판매업,,37.55362909999999,126.8213981
0236628832,157859,서울특별시 강서구 염창동 75-8 ,"서울특별시 강서구 양천로67길 99, 1층 102호 (염창동, 리첸빌딩)",7535.0,리첸마트,기타식품판매업,,37.5556347,126.8713687
0226598376,157751,서울특별시 강서구 가양동 1474-0 대림경동아파트 (지하 1층) 상가동 101호,"서울특별시 강서구 허준로 121, 상가동 지하 1층 101호 (가양동, 2동 대림경동아파트)",7525.0,(주)이마트에브리데이 가양동점,기타식품판매업,기타,37.5663469,126.8540309
02  26663435,157220,"서울특별시 강서구 방화동 580-120 ,125,129 (1층) ","서울특별시 강서구 방화동로 93 (방화동,,125,129 (1층))",7607.0,프라임마트,기타식품판매업,,37.5689114,126.812489
0226992500,157904,서울특별시 강서구 화곡동 844-15 (지하 1 ~ 지상 1층) ,"서울특별시 강서구 국회대로7길 63, 지하 1 ~ 1층 (화곡동, 2동)",7787.0,맘마마트 화곡점,기타식품판매업,,37.5295614,126.8575995
0226065599,157010,"서울특별시 강서구 화곡동 1165-1 강서힐스테이트 (지하 1층) 101-1, 117-1호 상가동 ","서울특별시 강서구 강서로 242, 상가동 지하 1층 101-1, 107-1호 (화곡동, 우장산동 강서힐스테이트)",7694.0,베스트식자재마트,기타식품판매업,,37.5471979,126.8368101
0226956404,157880,서울특별시 강서구 화곡동 341-67 ,서울특별시 강서구 강서로 46 (화곡동),7757.0,현대유통,기타식품판매업,,37.53198210000001,126.8470021
0226664456,157850,서울특별시 강서구 방화동 849 ,서울특별시 강서구 양천로 28 (방화동),7601.0,보해마트,기타식품판매업,,37.586494,126.8162469
0226670151,157210,서울특별시 강서구 마곡동 768-2 동익드미라벨복합빌딩 ,"서울특별시 강서구 마곡서로 101, 동익드미라벨복합빌딩 1층 127~132호 (마곡동)",7798.0,노브랜드 강서마곡점,기타식품판매업,,37.56269959999999,126.823405
26041212,157925,서울특별시 강서구 화곡동 1071-19 ,"서울특별시 강서구 화곡로18길 24, 1층 (화곡동)",7718.0,럭키중앙마트,기타식품판매업,,37.5391056,126.8354153
0226699500,157-290,서울특별시 강서구 외발산동 424-0 강서농수산물도매시장 (지상 2층) 수협공판장동,"서울특별시 강서구 발산로 24, 수협공판장동 2층 (외발산동, 강서농수산물도매시장)",7644.0,수협바다마트 강서점,기타식품판매업,,37.553324,126.8189946
,135962,서울특별시 강남구 개포동 1197-2 친환경식품유통센터,"서울특별시 강남구 논현로10길 29, 친환경식품유통센터 지상1층 (개포동)",6312.0,우리마트,기타식품판매업,,37.4752892,127.0504113
0226937070,157884,서울특별시 강서구 화곡동 373-15 (지상1층) ,"서울특별시 강서구 월정로30길 21 (화곡동,(지상1층))",7761.0,우리홈마트,기타식품판매업,,37.5343469,126.8371747
0226624141,157846,서울특별시 강서구 방화동 180-7 정곡빌딩 (지상 1층) ,"서울특별시 강서구 양천로26길 18, 1층 (방화동, 1동 정곡빌딩)",7592.0,프라임마트 마곡,기타식품판매업,,37.5727886,126.8179281
0226696000,157-857,서울특별시 강서구 방화동 829-3 강서농협하나로마트 (지하 1층),"서울특별시 강서구 금낭화로 127, 지하 1층 (방화동, 3동 강서농협하나로마트)",7510.0,강서농협 하나로마트,기타식품판매업,,37.5766198,126.8121414
0220632080,157-800,서울특별시 강서구 가양동 18-24 홈플러스 가양점 (지하 2층),"서울특별시 강서구 양천로 431, 지하 2층 (가양동, 2동 홈플러스 가양점)",7527.0,홈플러스(주)가양점,기타식품판매업,,37.563598,126.8568104
,157930,서울특별시 강서구 등촌동 678-7 동광빌딩 지하1층 ,"서울특별시 강서구 강서로 406, 지하1층 (등촌동, 3동 동광빌딩)",7583.0,주식회사 명품김포,기타식품판매업,,37.5617642,126.8396719
20398337,157210,서울특별시 강서구 마곡동 759 마곡센트럴타워2 ,"서울특별시 강서구 마곡서로 158, 1층 103~110,118,119호 (마곡동, 마곡센트럴타워2)",7788.0,(주)이마트에브리데이 마곡점,기타식품판매업,,37.5680922,126.8254265
,157829,서울특별시 강서구 내발산동 689-1 수명산씨티 ,"서울특별시 강서구 강서로45길 174, 수명산씨티 120호~130호 1층 (내발산동)",7638.0,포시즌 식자재마트,기타식품판매업,,37.5530232,126.830578
,134868,서울특별시 강동구 천호동 332-26,서울특별시 강동구 올림픽로 713 (천호동),5245.0,(주)윈플러스마트-천호점,기타식품판매업,,37.5450163,127.1253264
02 36610246,157-210,서울특별시 강서구 마곡동 737 1층,"서울특별시 강서구 양천로30길 123-28, 1층 (마곡동)",7595.0,강서농협하나로마트 마곡점,기타식품판매업,,37.56734489999999,126.8238207
0226608150,157-840,서울특별시 강서구 등촌동 639-11,서울특별시 강서구 화곡로 398 (등촌동),7567.0,홈플러스 주식회사,기타식품판매업,,37.5584079,126.8550157
,152894,서울특별시 구로구 오류동 47-1 삼익쇼핑 1층 일부 ,"서울특별시 구로구 경인로 192, 삼익쇼핑 1층 (오류동)",8271.0,뉴진로식자재마트,기타식품판매업,,37.49501619999999,126.8426531
,152804,서울특별시 구로구 개봉동 98-22 ,"서울특별시 구로구 고척로25길 33-58, 1층 (개봉동)",8247.0,더원마트,기타식품판매업,,37.50346,126.8460487
,152805,서울특별시 구로구 개봉동 157-3 ,서울특별시 구로구 경인로 319-7 (개봉동),8233.0,주식회사 구로식자재마트,기타식품판매업,,37.49257619999999,126.8518272
0226113300,152819,서울특별시 구로구 개봉동 415-0 개봉전철역사 4층 ,"서울특별시 구로구 경인로40길 47 (개봉동,개봉전철역사 4층)",8276.0,개봉역프라자,기타식품판매업,기타,37.4949138,126.859724
0220091210,152848,서울특별시 구로구 구로동 188-26 ,서울특별시 구로구 디지털로32길 43 (구로동),8379.0,(주)이마트구로점,기타식품판매업,,37.4843485,126.897922
02  858 7711,152871,"서울특별시 구로구 구로동 722-1 청보빌딩 B101,B201 ","서울특별시 구로구 구로동로 115, B101,B201호 (구로동, 청보빌딩)",8316.0,대호식자재할인마트,기타식품판매업,,37.4888001,126.8842021
02  26166189,152836,서울특별시 구로구 고척동 296 ,"서울특별시 구로구 고척로52길 48, B01호 (고척동, 대우아파트상가)",8230.0,신대우마트,기타식품판매업,,37.5029571,126.8554
02  26842013,152814,서울특별시 구로구 개봉동 324-1 ,서울특별시 구로구 개봉로17길 34 (개봉동),8337.0,(주)이마트에브리데이 개봉동점,기타식품판매업,,37.491679,126.8539007
0226155700,152899,서울특별시 구로구 오류동 208 외 1필지 ,"서울특별시 구로구 오리로 1172, 지상1층 (오류동)",8342.0,(주)풍성마트,기타식품판매업,,37.4883036,126.8373975
,152130,서울특별시 구로구 천왕동 39-1 1층 ,"서울특별시 구로구 오리로 1073-7, 1층 (천왕동)",8366.0,홈마트 천왕점,기타식품판매업,,37.4813523,126.8438802
26192471,152812,서울특별시 구로구 개봉동 290-1 ,서울특별시 구로구 개봉로 8-14 (개봉동),8334.0,(주)경기마트 개봉,기타식품판매업,,37.4863511,126.8571929
02 8672717,152868,서울특별시 구로구 구로동 685-215 지하1층 ,"서울특별시 구로구 구일로4길 33 (구로동,지하1층)",8324.0,구일쇼핑센타,기타식품판매업,아파트지역,37.4920189,126.8758039
0266788600,152731,서울특별시 구로구 구로동 501 신구로자이나인스에비뉴 B1층 ,"서울특별시 구로구 구로중앙로 134, B1층 (구로동, 신구로자이나인스에비뉴 )",8293.0,(주)세계로더블유스토어,기타식품판매업,,37.49989619999999,126.884113
02 8669333,152850,서울특별시 구로구 구로동 314 극동(아)상가 지하1층 ,"서울특별시 구로구 구로중앙로7길 28 (구로동,극동(아)상가 지하1층)",8312.0,제이엘마켓탑,기타식품판매업,,37.4910324,126.8898168
0220642001,152826,서울특별시 구로구 고척동 76-41 일이삼전자타운 제3동 ,"서울특별시 구로구 중앙로1길 36 (고척동,일이삼전자타운 제3동)",8227.0,(주)엠패스트 구로점,기타식품판매업,,37.4974023,126.8630938
02  67151052,152838,서울특별시 구로구 구로동 3-25 이마트신도림점 지하2층 ,"서울특별시 구로구 새말로 97 (구로동,이마트신도림점 지하2층)",8288.0,이마트신도림점,기타식품판매업,,37.5070431,126.8902185
,152140,서울특별시 구로구 항동 83 ,"서울특별시 구로구 서해안로 2124, 112,113,114호 (항동)",8368.0,(주)이마트에브리데이 구로항동점,기타식품판매업,,37.4810318,126.8246024
02  26222233,152-706,서울특별시 구로구 신도림동 692 디큐브시티 타워동 판매B201,"서울특별시 구로구 경인로 662 (신도림동, 디큐브시티 타워동 판매B201)",8209.0,(주)현대백화점 디큐브시티,기타식품판매업,,37.5088514,126.8892373
02 26149511,152-823,서울특별시 구로구 고척동 50-48 고척프라자,"서울특별시 구로구 중앙로 64, 고척프라자 (고척동)",8218.0,경기마트 맘스점,기타식품판매업,,37.5038001,126.8628007
02  26182080,152-887,서울특별시 구로구 신도림동 337 (경인로 264) 신도림1차푸르지오 지하1층,"서울특별시 구로구 경인로 661 (신도림동,(경인로 264) 신도림1차푸르지오 지하1층)",8208.0,홈플러스(주)신도림점,기타식품판매업,,37.5093957,126.8877258
,153847,서울특별시 금천구 시흥동 492-49 ,서울특별시 금천구 시흥대로39길 45 (시흥동),8637.0,뉴영슈퍼,기타식품판매업,,37.4465078,126.900704
02 8914666,153841,서울특별시 금천구 시흥동 831-6 (지하1층)[금천로 132] ,"서울특별시 금천구 금하로 705 (시흥동,(지하1층)[금천로 132])",8573.0,은행나무마트,기타식품판매업,,37.4516288,126.9083764
02  851 8588,153820,서울특별시 금천구 독산동 899-6 ,"서울특별시 금천구 남부순환로 1400, 1층 (독산동)",8548.0,농민마트,기타식품판매업,,37.4800101,126.9064926
02  380 5678,153717,서울특별시 금천구 가산동 60-20 마리오아울렛3 ,"서울특별시 금천구 벚꽃로 266, 마리오아울렛3 지하1층 (가산동)",8511.0,노브랜드 마리오아울렛점,기타식품판매업,,37.4784556,126.8850161
02  851 2351,153825,서울특별시 금천구 독산동 987-12 그랜드할인마트 ,"서울특별시 금천구 시흥대로142길 23 (독산동, 그랜드할인마트)",8544.0,(주)그랜드할인마트,기타식품판매업,,37.4734184,126.9005409
02  891 8957,153858,서울특별시 금천구 시흥동 885-4 ,서울특별시 금천구 금하로 648 (시흥동),8628.0,농부의마음(할인마트),기타식품판매업,,37.4540858,126.902501
02 8933650,153030,서울특별시 금천구 시흥동 1013-7 벽산중심상가 지층 101호 102호 ,"서울특별시 금천구 금하로 763 (시흥동, 벽산중심상가 지층 101호 102호)",8656.0,산들식자재마트,기타식품판매업,,37.45034,126.9145419
02 8539944,153801,서울특별시 금천구 가산동 151-30 [가산로 116] 지상1층 ,"서울특별시 금천구 가산로 116 (가산동,[가산로 116] 지상1층)",8529.0,하모니마트 가산점,기타식품판매업,,37.4761412,126.8931768
02 8963336,153831,서울특별시 금천구 독산동 1040-83 ,서울특별시 금천구 독산로64길 27 (독산동),8559.0,한국유통,기타식품판매업,,37.4655889,126.9039736
02 8084900,153-864,서울특별시 금천구 시흥동 992-47,"서울특별시 금천구 시흥대로 201 (시흥동, 홈플러스 시흥점)",8632.0,홈플러스(주) 시흥점,기타식품판매업,,37.4516322,126.901261
02 8908121,153-813,서울특별시 금천구 독산동 291-7 홈플러스금천점 지상2층,"서울특별시 금천구 시흥대로 391 (독산동,홈플러스금천점 지상2층)",8584.0,홈플러스(주)금천점,기타식품판매업,,37.4686493,126.8968106
0220062356,150882,서울특별시 영등포구 여의도동 30-3 ,서울특별시 영등포구 국제금융로7길 15 (여의도동),7338.0,(주)지에스리테일GS수퍼여의도점,기타식품판매업,,37.5240707,126.9315798
02 3805678,150874,서울특별시 영등포구 여의도동 17-3 1층 일부 ,"서울특별시 영등포구 의사당대로 8 (여의도동, 1층 일부)",7236.0,노브랜드영등포여의도점,기타식품판매업,,37.5278672,126.9169098
0226366003,150045,서울특별시 영등포구 당산동5가 11-33 당산디오빌 ,"서울특별시 영등포구 당산로 222, 지하1층 B102~B109호 (당산동5가, 당산디오빌)",7214.0,아크로리마트 당산점,기타식품판매업,,37.5332974,126.9022397
0226366003,150037,서울특별시 영등포구 영등포동7가 203 아크로타워 스퀘어 ,"서울특별시 영등포구 국회대로54길 10, 13동 B01호,비02호,비04호 (영등포동7가, 아크로타워 스퀘어)",7246.0,주식회사 아크로리마트,기타식품판매업,,37.5243938,126.9067528
,150866,서울특별시 영등포구 양평동4가 3-4 ,"서울특별시 영등포구 선유동2로 61, 1층 (양평동4가)",7212.0,엠식자재마트,기타식품판매업,,37.5343035,126.8975665
26391201,150985,서울특별시 영등포구 영등포동4가 442-1 신세계백화점A관 ,"서울특별시 영등포구 영중로 15 (영등포동4가,신세계백화점A관)",7305.0,(주)경방,기타식품판매업,,37.5170751,126.9033411
26896949,150839,서울특별시 영등포구 신길동 116-15 지하1층 ,"서울특별시 영등포구 도신로60길 7 (신길동,지하1층)",7350.0,신길지오마트(주),기타식품판매업,,37.5110761,126.9175849
,150-861,서울특별시 영등포구 신길동 4902-6,"서울특별시 영등포구 신길로 162, 1층 (신길동)",7362.0,(주)지에스리테일 GS더프레시 신길사러가점,기타식품판매업,,37.50668050000001,126.9115416
,150-092,서울특별시 영등포구 문래동2가 26,"서울특별시 영등포구 경인로 719, 1층 (문래동2가)",7289.0,영등포농협 하나로마트 경인로지점,기타식품판매업,,37.5127723,126.8930828
0232770723,150-875,서울특별시 영등포구 여의도동 22 파크원(백화점) 지1층,"서울특별시 영등포구 여의대로 108, 파크원(백화점) 지1층 (여의도동)",7335.0,THE HYUNDAI SEOUL(더현대서울),기타식품판매업,,37.5260497,126.928296
0226331700,150042,서울특별시 영등포구 당산동2가 1,"서울특별시 영등포구 당산로 63, 1층 (당산동2가)",7291.0,(주)대하식자재마트,기타식품판매업,,37.5224833,126.8937056
,150820,서울특별시 영등포구 대림동 909-2 썬프라자,"서울특별시 영등포구 신길로 39, 썬프라자 1,2층 (대림동)",7440.0,뉴썬프라자마트,기타식품판매업,,37.496457,126.9080686
34680152,150034,"서울특별시 영등포구 영등포동4가 442 지하1층,2층 ","서울특별시 영등포구 영중로 15 (영등포동4가,지하1층,2층)",7305.0,(주)이마트 영등포점,기타식품판매업,,37.5170751,126.9033411
,150045,서울특별시 영등포구 당산동5가 11-34 지하1층 비2호 ,서울특별시 영등포구 당산로44길 3 (당산동5가),7214.0,홈플러스 익스프레스 서울당산점,기타식품판매업,,37.5316676,126.8994544
0218999900,150103,서울특별시 영등포구 양평동3가 65 ,서울특별시 영등포구 선유로 156 (양평동3가),7255.0,(주)코스트코코리아,기타식품판매업,,37.5290356,126.8910476
,150050,"서울특별시 영등포구 신길동 656외 1층(지번 656,670) ","서울특별시 영등포구 가마산로90길 14, 1층 (신길동)",7391.0,한아름마트,기타식품판매업,,37.502991,126.9206284
20961104,150800,서울특별시 영등포구 당산동1가 9-1 코오롱상가 1층 ,"서울특별시 영등포구 영등포로28길 5, 1층 (당산동1가, 코오롱상가)",7292.0,씨티대형할인마트,기타식품판매업,,37.51998330000001,126.8992604
02 831 2277,156853,서울특별시 동작구 신대방동 602-15 ,"서울특별시 동작구 신대방길 88, 지하1층 (신대방동)",7068.0,(주)월드마트,기타식품판매업,,37.4897604,126.9097211
02  831 4400,150-816,서울특별시 영등포구 대림동 784-0,서울특별시 영등포구 대림로 251 (대림동),7377.0,씨에스유통(주)롯데슈퍼대림점,기타식품판매업,,37.5033123,126.8958538
02 21658115,150-835,서울특별시 영등포구 문래동3가 55-3,서울특별시 영등포구 당산로 42 (문래동3가),7297.0,홈플러스(주) 영등포점,기타식품판매업,,37.5189835,126.8987059
0234598000,150-860,서울특별시 영등포구 신길동 4491,서울특별시 영등포구 여의대방로 65 (신길동),7434.0,홈플러스 익스프레스 신길점,기타식품판매업,,37.5138934,126.9203089
,152887,서울특별시 구로구 신도림동 309-6 성광빌딩,"서울특별시 구로구 신도림로19길 7, 성광빌딩 지층 (신도림동)",8202.0,신도림마트,기타식품판매업,,37.5112895,126.88444
,156839,서울특별시 동작구 상도동 324-1 성대시장 ,"서울특별시 동작구 상도로 102, 성대시장 1층 (상도동)",7041.0,성대지마트주식회사,기타식품판매업,,37.4997236,126.9318514
02 5251500,156823,서울특별시 동작구 사당동 316-4 ,서울특별시 동작구 사당로16길 35 (사당동),7011.0,남서울농업협동조합 남성지점,기타식품판매업,주택가주변,37.4819576,126.9729202
02 8139643,156859,서울특별시 동작구 흑석동 97-2 ,서울특별시 동작구 서달로 158 (흑석동),6979.0,(주)이마트에브리데이 흑석동점,기타식품판매업,주택가주변,37.5073375,126.9623126
02 5969584,156815,서울특별시 동작구 사당동 105 ,서울특별시 동작구 동작대로29길 91 (사당동),6999.0,(주)이마트에브리데이 사당동점,기타식품판매업,주택가주변,37.4896386,126.9759403
02 8170091,156806,서울특별시 동작구 노량진동 312-6 ,서울특별시 동작구 장승배기로 113 (노량진동),6936.0,진로마트,기타식품판매업,,37.5078315,126.9395747
0233924757,139820,서울특별시 노원구 상계동 453-2,"서울특별시 노원구 한글비석로 452, 1,2층 (상계동)",1656.0,상계우리농산물,기타식품판매업,,37.6640325,127.0678199
02 8489373,156852,서울특별시 동작구 신대방동 565 ,서울특별시 동작구 여의대방로 22 (신대방동),7065.0,(주)우성마트,기타식품판매업,아파트지역,37.4922665,126.9116072
02  599 1521,156080,"서울특별시 동작구 동작동 58-1 지하1(101,102,103호) ","서울특별시 동작구 동작대로39길 22, 지하1층 (동작동, 이수힐스테이트)",6993.0,남서울농협하나로마트 이수점,기타식품판매업,,37.4943623,126.9798994
02  877 9114,156847,"서울특별시 동작구 신대방동 349-3 스마티움1층, 지하1층 ","서울특별시 동작구 보라매로19길 8 (신대방동, 스마티움1층, 지하1층)",7060.0,중앙할인마트,기타식품판매업,,37.4979829,126.9275005
02  834 4667,156713,"서울특별시 동작구 신대방동 395-69 보라매아카데미타워 101-1, 101-2호 ","서울특별시 동작구 보라매로5가길 16, 1층 101-1, 101-2호 (신대방동, 보라매아카데미타워)",7071.0,(주)에스엠 할인마트,기타식품판매업,,37.4913311,126.924105
02 8268878,156807,서울특별시 동작구 대방동 39-2 ,서울특별시 동작구 등용로 123 (대방동),6940.0,제이케이리테일,기타식품판매업,기타,37.5119933,126.9316112
02 8495885,156852,서울특별시 동작구 신대방동 565-22 ,서울특별시 동작구 여의대방로 2 (신대방동),7065.0,관악농협하나로마트우성점,기타식품판매업,,37.5062327,126.93435
02  882 8100,151891,서울특별시 관악구 신림동 1426-7 ,"서울특별시 관악구 봉천로12길 39, 가야위드안 지1층 (신림동)",8753.0,엠마트,기타식품판매업,,37.48690380000001,126.9299975
02  595 1234,156-816,서울특별시 동작구 사당동 147-29,서울특별시 동작구 사당로 300 (사당동),7013.0,(주)이마트에브리데이 이수점,기타식품판매업,,37.4844319,126.9804651
02  34818541,156-819,서울특별시 동작구 사당동 252-17,서울특별시 동작구 사당로 215 (사당동),7004.0,홈플러스익스프레스남성점,기타식품판매업,,37.4846333,126.9723698
02  813 7001,156-070,서울특별시 동작구 흑석동 332,서울특별시 동작구 서달로 150 (흑석동),6980.0,농협하나로마트 흑석점,기타식품판매업,,37.5066658,126.9621884
02 8645656,151015,서울특별시 관악구 신림동 1735-8 (지1층),"서울특별시 관악구 난곡로 50 (신림동,(지1층))",8861.0,지에스슈퍼 관악난향점,기타식품판매업,,37.460491,126.9201747
02  875 2500,151843,서울특별시 관악구 봉천동 951-25 봉일프라자 ,"서울특별시 관악구 은천로 28, 봉일프라자 나동 1층 (봉천동)",8749.0,지오식자재마트,기타식품판매업,,37.4858696,126.9384465
02 8849114,151895,"서울특별시 관악구 신림동 1523-1 상가 비01,비02,비03,비04 ","서울특별시 관악구 신림로23길 16 (신림동, 상가 비01,비02,비03,비04)",8812.0,중앙식자재마트,기타식품판매업,,37.4704187,126.9344974
02 8776661,151050,서울특별시 관악구 봉천동 1717-3 관악푸르지오1단지아파트 ,"서울특별시 관악구 청림6길 3, 관악푸르지오1단지아파트 1층 110,113,114호 (봉천동)",8734.0,지에스 더 프레시(관악청림점),기타식품판매업,,37.4875956,126.9599089
02 8531866,151883,서울특별시 관악구 신림동 637-1 ,서울특별시 관악구 난곡로24길 7 (신림동),8856.0,주식회사 월드할인마트,기타식품판매업,,37.4702835,126.9204526
,,,서울특별시 관악구 장군봉1길 53 (봉천동),8784.0,영림식자재마트,기타식품판매업,,37.4817407,126.9430306
02  872 9114,,,"서울특별시 관악구 청림3길 10, 지하1층 (봉천동)",8731.0,주식회사성웅 관악점(관악식자재마트),기타식품판매업,,37.4886383,126.9594849
02 8897751,151849,서울특별시 관악구 봉천동 1673-21 ,"서울특별시 관악구 남부순환로 1861, 1층 (봉천동)",8739.0,세계로마트,기타식품판매업,,37.4800036,126.9569226
02   8871255,151840,서울특별시 관악구 봉천동 503-1 ,서울특별시 관악구 양녕로 49 (봉천동),8751.0,(주)현대직판장,기타식품판매업,,37.4862425,126.9466048
0220398215,151818,서울특별시 관악구 봉천동 1629-2 동아타운아파트상가1층 101호 ,"서울특별시 관악구 봉천로 576 (봉천동,동아타운아파트상가1층 101호)",8792.0,(주)지에스리테일낙성대점,기타식품판매업,,37.4769549,126.9612824
02  20269345,151904,서울특별시 관악구 신림동 1668-5 관악농협하나로마트 ,"서울특별시 관악구 남부순환로 1369 (신림동, 관악농협하나로마트)",8768.0,관악농협농특산물백화점,기타식품판매업,,37.4799052,126.9027293
02 8566023,151888,서울특별시 관악구 신림동 607-73 ,서울특별시 관악구 난곡로 220 (신림동),8849.0,(주)천성세이브마트,기타식품판매업,,37.4743263,126.9179791
,151826,"서울특별시 관악구 봉천동 937-6 107~113, 119~121호 ","서울특별시 관악구 은천로 51 (봉천동, 107~113, 119~121호)",8716.0,(주)이마트에브리데이 봉천동점,기타식품판매업,,37.4862469,126.9410887
02 8742838,151830,서울특별시 관악구 봉천동 702-40 ,서울특별시 관악구 보라매로 12 (봉천동),8722.0,관악농협보라매하나로마트,기타식품판매업,,37.4905158,126.9278103
02 8834306,151861,서울특별시 관악구 신림동 304-1 외 2필지 ,"서울특별시 관악구 호암로 529 (신림동,외 2필지)",8848.0,관악농협유기농산물판매장,기타식품판매업,,37.4647949,126.9310636
02 8754754,151810,서울특별시 관악구 봉천동 32-2 ,서울특별시 관악구 관악로 211 (봉천동),8744.0,중앙할인마트,기타식품판매업,,37.4839413,126.9542059
02 8730637,151846,서울특별시 관악구 봉천동 1567-1 지상1층 ,"서울특별시 관악구 쑥고개로 111 (봉천동,지상1층)",8786.0,(주)GS리테일 관악점,기타식품판매업,,37.4794568,126.949145
,137869,서울특별시 서초구 서초동 1485-1 지하1층 ,"서울특별시 서초구 효령로46길 5, 지하1층 (서초동)",6709.0,주식회사 선은유통,기타식품판매업,,37.48330900000001,127.0090104
02 5822340,137843,"서울특별시 서초구 방배동 917-4 지하1층 B02,B03호 ","서울특별시 서초구 효령로 89, 지하1층 B02,B03호 (방배동)",6687.0,정한유통,기타식품판매업,,37.4807576,126.993951
02  308 7566,122882,서울특별시 은평구 신사동 361 1층(101호 ~ 149호),"서울특별시 은평구 증산로21길 11 (신사동,1층(101호 ~ 149호))",3451.0,삼부마켓,기타식품판매업,,37.59568489999999,126.9134496
,137070,서울특별시 서초구 서초동 1755-1 리더스원 상가동 지하1층B144호 ,"서울특별시 서초구 사임당로 158, 리더스원  상가동 지하1층 B144호 (서초동)",6629.0,(주)이마트에브리데이 래미안리더스원점,기타식품판매업,,37.4918367,127.0271678
,137875,"서울특별시 서초구 서초동 1582-3 서초센트럴IPARK 판매시설 지하1층 112, 113호 ","서울특별시 서초구 반포대로18길 36, 판매시설 지하1층 112. 113호 (서초동, 서초센트럴IPARK)",6652.0,(주)이마트에브리데이 서초센트럴점,기타식품판매업,,37.4869446,127.0116225
02  534 3651,137855,"서울특별시 서초구 서초동 1302-4 이마트에브리데이 서초동점 지하1층, 1층 ","서울특별시 서초구 서운로 216, 이마트에브리데이 서초동점 지하1층, 1층 (서초동)",6609.0,이마트에브리데이 서초동점,기타식품판매업,,37.5023256,127.0218564
,137849,"서울특별시 서초구 방배동 984-1 지층 1-1, 2, 3호 ","서울특별시 서초구 방배로 76, 지층 1-1, 2, 3호 (방배동)",6704.0,대농마트,기타식품판매업,,37.4811934,126.9983361
0226679148,157930,서울특별시 강서구 등촌동 689 NC백화점 강서점 지하1층,"서울특별시 강서구 강서로56길 17, 지하1층 (등촌동, NC백화점 강서점)",7584.0,(주)이랜드 킴스클럽 강서점,기타식품판매업,,37.55990389999999,126.8405122
0226521215,158-050,서울특별시 양천구 목동 919-7 홈플러스 목동점,"서울특별시 양천구 목동서로 170 (목동, 홈플러스 목동점)",7992.0,홈플러스(주) 목동점,기타식품판매업,,37.5302084,126.8732314
0234598000,137-882,서울특별시 서초구 서초동 1685-3 지하 1층,"서울특별시 서초구 서초중앙로 188, 지하 1층 (서초동)",6600.0,홈플러스 수퍼 익스프레스 서초점,기타식품판매업,,37.4981989,127.0133145
0221040160,137-840,서울특별시 서초구 방배동 875-5 1층,"서울특별시 서초구 방배로 162 (방배동,1층)",6588.0,(주)올가홀푸드,기타식품판매업,,37.4882589,126.9938391
0221551052,137893,서울특별시 서초구 양재동 215 지하1층 ,"서울특별시 서초구 매헌로 16 (양재동,지하1층)",6771.0,(주)이마트 양재점,기타식품판매업,,37.4633949,127.0370136
02 5970652,137844,서울특별시 서초구 방배동 937-1 1층 포탈하이웨이 ,"서울특별시 서초구 서초대로 94 (방배동,1층 포탈하이웨이)",6672.0,하이웨이마트 방배점,기타식품판매업,,37.4869746,126.9926777
,137886,서울특별시 서초구 양재동 5-10 지하1층 ,"서울특별시 서초구 바우뫼로 195 (양재동,지하1층)",6745.0,남서울농업협동조합,기타식품판매업,,37.4798239,127.040661
02 5725959,137893,서울특별시 서초구 양재동 217-6 ,서울특별시 서초구 양재대로 159 (양재동),6772.0,코스트코 코리아,기타식품판매업,,37.4620262,127.0360987
02 5220468,137070,"서울특별시 서초구 서초동 1332-2 ,3호 ",서울특별시 서초구 사임당로 151 (서초동),6624.0,현대할인마트,기타식품판매업,,37.4923671,127.0258472
02  592 1832,137801,서울특별시 서초구 반포동 30-25 삼호쇼핑센터 101호,"서울특별시 서초구 서초중앙로 238, 101호 (반포동, 삼호쇼핑센터)",6597.0,(주)지에스리테일 GS수퍼 서초점,기타식품판매업,,37.5029529,127.0120638
0226499466,158070,서울특별시 양천구 신정동 326 목동신시가지아파트 상가비동 101호,"서울특별시 양천구 목동동로 50, 상가비동 101호 (신정동, 목동신시가지아파트 12단지)",8097.0,GS수퍼 목동12점,기타식품판매업,,37.5131601,126.8605838
,137865,서울특별시 서초구 서초동 1443-17 1층 ,"서울특별시 서초구 효령로68길 74, 1층 (서초동)",6721.0,(주)이마트에브리데이 남부터미널점,기타식품판매업,,37.4856836,127.0208753
20581016,137897,서울특별시 서초구 양재동 331 1층 ,"서울특별시 서초구 동산로2길 16, 1층 (양재동)",6787.0,(주)이마트에브리데이 양재점,기타식품판매업,,37.46894590000001,127.0418259
577 0100,137140,"서울특별시 서초구 우면동 728 황금빌딩 101호, 105호~111호 ","서울특별시 서초구 태봉로 60, 101호, 105호~111호 (우면동, 황금빌딩 )",6764.0,(주)이마트에브리데이 우면점,기타식품판매업,,37.4635354,127.025105
0234749605,137842,서울특별시 서초구 방배동 907-10 지하1층 ,"서울특별시 서초구 효령로33길 55, 지하1층 (방배동)",6665.0,홈플러스익스프레스 서울 방배2점,기타식품판매업,,37.4836119,126.9967837
380 5983,137870,"서울특별시 서초구 서초동 1491-6 지하1층, 1층 ","서울특별시 서초구 명달로 73, 지하1층, 1층 (서초동)",6667.0,(주)이마트에브리데이 방배효령점,기타식품판매업,,37.4838028,127.0035867
02  574 1521,137140,서울특별시 서초구 우면동 763 (1층) ,서울특별시 서초구 양재대로2길 116-19 (우면동),6767.0,남서울농업협동조합 하나로마트,기타식품판매업,,37.4568719,127.0159853
02  34818545,137-040,서울특별시 서초구 반포동 18-3 레미안퍼스티지중심상가 지하1층일부 제B19호,"서울특별시 서초구 반포대로 287 (반포동,레미안퍼스티지중심상가 지하1층일부 제B19호)",6547.0,홈플러스 익스프레스 반포2점,기타식품판매업,,37.5044951,127.0007548
02 5360004,137-832,서울특별시 서초구 방배동 816-1 1층 굿모닝마트내,"서울특별시 서초구 방배로33길 29, 1층 (방배동, 굿모닝마트내 )",6562.0,씨에스유통(주) 롯데슈퍼 방배점,기타식품판매업,,37.4912681,126.9893045
02 20580381,137180,"서울특별시 서초구 내곡동 341-10 1층, 서울영동농협종합시설 주건축물제1동 ","서울특별시 서초구 헌릉로 176, 1층 (내곡동, 서울영동농협종합시설 주건축물제1동)",6800.0,영동농협 하나로마트 내곡지점,기타식품판매업,,37.447724,127.055933
02  525 8955,137843,"서울특별시 서초구 방배동 919-1 1층, 101,104~110호 ","서울특별시 서초구 방배중앙로 30, 1층 101,104~110호 (방배동)",6684.0,코끼리마트,기타식품판매업,,37.4896001,126.9885074
02597 8856,137819,서울특별시 서초구 방배동 456-1 지층 ,"서울특별시 서초구 방배천로16길 18, 지층 (방배동)",6677.0,방배 굿모닝마트,기타식품판매업,,37.481982,126.9837482
380 5678,137713,서울특별시 서초구 반포동 19-4 본관동 지하층 대형 1호 ,"서울특별시 서초구 신반포로 194, 본관동 지하층 대형 1호 (반포동, 서울고속터미널)",6545.0,노브랜드 강남터미널점,기타식품판매업,,37.5055182,127.0070626
02 5522233,135090,서울특별시 강남구 삼성동 159-7 ,서울특별시 강남구 테헤란로 517 (삼성동),6164.0,무역센타현대백화점,기타식품판매업,,37.5085949,127.0597186
0269081234,135926,"서울특별시 강남구 역삼동 755 한솔필리아 지하1,2층 ","서울특별시 강남구 역삼로 310 (역삼동,한솔필리아 지하1,2층)",6217.0,(주)이마트역삼점,기타식품판매업,기타,37.499217,127.0484398
,135200,서울특별시 강남구 자곡동 633 ,"서울특별시 강남구 자곡로 106, 1층 101호 (자곡동)",6373.0,(주)이마트에브리데이 자곡점,기타식품판매업,,37.4719211,127.0950026
025696120,135838,서울특별시 강남구 대치동 622-1 ,"서울특별시 강남구 남부순환로 2927, 지하1층 B110~116,B125~127호 (대치동, 대치클래시아)",6280.0,(주)지에스리테일 GS수퍼 강남대치점,기타식품판매업,,37.4935926,127.0606859
,135190,서울특별시 강남구 세곡동 581 ,"서울특별시 강남구 헌릉로 569, 1층 109~114호 (세곡동, 강남리더스프라자)",6376.0,(주)이마트에브리데이 세곡점,기타식품판매업,,37.4657816,127.1011914
0234495591,135-900,서울특별시 강남구 압구정동 429,서울특별시 강남구 압구정로 165 (압구정동),6001.0,주식회사현대백화점,기타식품판매업,,37.5273339,127.0274702
20062138,135270,서울특별시 강남구 도곡동 527-3 지하1층 ,"서울특별시 강남구 선릉로 225 (도곡동,지하1층)",6276.0,(주)지에스리테일 도곡렉슬점,기타식품판매업,,37.4953404,127.0526522
02 4516123,135885,서울특별시 강남구 수서동 724 지하1층 ,"서울특별시 강남구 광평로 280 (수서동,지하1층)",6367.0,(주)이마트메트로수서점,기타식품판매업,기타,37.4873264,127.1031402
,135190,서울특별시 강남구 세곡동 595 ,서울특별시 강남구 헌릉로569길 29 (세곡동),6376.0,노브랜드 강남세곡점,기타식품판매업,,37.4667963,127.0984312
02  34539775,135835,서울특별시 강남구 대치동 599 대원빌딩 ,"서울특별시 강남구 남부순환로 2947, 대원빌딩 지하1층 B103호 (대치동)",6280.0,노브랜드 강남대치역점,기타식품판매업,,37.4945248,127.062584
0234145800,135939,서울특별시 강남구 개포동 13-3 대청타워 지하1층 134호,"서울특별시 강남구 개포로 623, 지하1층 134호 (개포동, 대청타워)",6336.0,(주)이마트에브리데이 개포점,기타식품판매업,,37.4943476,127.079616
025290222,135962,서울특별시 강남구 개포동 1197-2 전남친환경농수축산물유통센터지하 1~3호,"서울특별시 강남구 논현로10길 29, 지하1층 1~3호 (개포동, 전남친환경농수축산물유통센터)",6312.0,(주)고객사랑마트,기타식품판매업,,37.47533620000001,127.0501255
02 5618000,135-835,서울특별시 강남구 대치동 316 비동 지하1층 60호,"서울특별시 강남구 삼성로 212, 지하1층 60호 (대치동, 비동)",6284.0,롯데슈퍼(주)은마점,기타식품판매업,,37.4974176,127.0653272
02 5794747,135-856,서울특별시 강남구 도곡동 467-7,"서울특별시 강남구 언주로30길 21, A동 지하1층 102호 (도곡동, 아카데미스위트)",6292.0,롯데프리미엄푸드마켓 도곡점,기타식품판매업,,37.4886722,127.0521024
4510034,135-939,서울특별시 강남구 개포동 12-4,"서울특별시 강남구 개포로 615, 지하1층 (개포동, 석탑프라자)",6335.0,홈플러스 익스프레스(개포점),기타식품판매업,,37.4926936,127.0756284
02 4518222,135-938,서울특별시 강남구 일원동 711-1,"서울특별시 강남구 양재대로55길 6 (일원동, 수서A 단지상가)",6341.0,농협유통수서점(주),기타식품판매업,,37.4909601,127.0899157
4457755,135994,서울특별시 강남구 개포동 186-4 지하1층 ,"서울특별시 강남구 개포로82길 13-9 (개포동,지하1층)",6329.0,현대그린마트,기타식품판매업,,37.4886373,127.0677765
0221555168,137859,서울특별시 서초구 서초동 1331-2 릿타워 1층 103호,"서울특별시 서초구 사임당로 157, 릿타워 1층 103호 (서초동)",6625.0,(주)오아시스 서초점,기타식품판매업,,37.4924162,127.0268355
0269252242,158851,서울특별시 양천구 신정동 212-1 1층,"서울특별시 양천구 목동남로 72, 1층 (신정동)",8101.0,서부식자재마트,기타식품판매업,,37.5099345,126.8671643
02  518 5239,135824,서울특별시 강남구 논현동 158 ,"서울특별시 강남구 학동로20길 55, 지하1,지하2층 B01,B02호 (논현동)",6115.0,(주)강남홈유통,기타식품판매업,,37.5101331,127.0272543
,135835,서울특별시 강남구 대치동 316 은마아파트 ,"서울특별시 강남구 삼성로 212, 편의시설동 지상1층 103호 (대치동, 은마아파트)",6284.0,(주)이마트에브리데이 대치은마점,기타식품판매업,,37.4974176,127.0653272
,135753,서울특별시 강남구 역삼동 833-2 성보역삼빌딩 ,"서울특별시 강남구 역삼로 120, 성보역삼빌딩 지상1층 (역삼동)",6251.0,(주)럭키엠케이유(럭키할인마트역삼점),기타식품판매업,,37.4935577,127.0327193
02  445 1531,135944,서울특별시 강남구 일원동 615-1 기호빌딩 ,"서울특별시 강남구 일원로 28, 기호빌딩 지하1층 (일원동)",6337.0,웰빙마트,기타식품판매업,,37.4911858,127.080331
02  514 6911,135508,서울특별시 강남구 삼성동 20-5 ,"서울특별시 강남구 삼성로119길 8, 지하1층 B101호 (삼성동)",6091.0,킹마트,기타식품판매업,,37.5162454,127.0506339
02  548 6071,135-822,서울특별시 강남구 논현동 140 영동프라자 1층,"서울특별시 강남구 강남대로128길 20, 지상1층 (논현동, 영동프라자)",6114.0,GS더프레시 강남영동점,기타식품판매업,,37.5099451,127.023674
02  445 8123,135-190,서울특별시 강남구 세곡동 103-3 1층,"서울특별시 강남구 헌릉로637길 22, 1층 (세곡동)",6378.0,송파농협 하나로마트 세곡점,기타식품판매업,,37.466456,127.1092204
,135-501,서울특별시 강남구 대치동 990,"서울특별시 강남구 도곡로 516, 지하1층 3,4호 (대치동)",6282.0,진로마트,기타식품판매업,,37.4992034,127.0630995
02 5427887,135-873,서울특별시 강남구 삼성동 107-6 지상1층,"서울특별시 강남구 봉은사로103길 5 (삼성동,지상1층)",6083.0,롯데쇼핑(주)롯데슈퍼코엑스점,기타식품판매업,,37.5149946,127.0614151
02  568 5239,135840,서울특별시 강남구 대치동 895-1 가리온,"서울특별시 강남구 삼성로85길 39, 가리온 지하1층 1~5호,8호 (대치동)",6196.0,강남홈앤유통,기타식품판매업,,37.5042562,127.0541147
,135230,서울특별시 강남구 일원동 611-1 디에이치 자이 개포,"서울특별시 강남구 영동대로 22, 지하2층 S2B2-0201호 (일원동, 디에이치 자이 개포)",6346.0,GS더프레시 디에이치자이점,기타식품판매업,,37.490887,127.0752908
,138824,서울특별시 송파구 문정동 21-5 에코타워 ,"서울특별시 송파구 송이로32길 18, 에코타워 1층 101호 (문정동)",5803.0,홈식자재마트(주),기타식품판매업,,37.4885022,127.127337
02  931 1422,139867,서울특별시 노원구 중계동 584-1 삼창타워프라자,"서울특별시 노원구 한글비석로 383, 삼창타워프라자 지층 (중계동)",1699.0,세계로마트 상계점,기타식품판매업,,37.659053,127.0726521
02  417 8890,138862,"서울특별시 송파구 잠실동 208-5,8 지상1층 ","서울특별시 송파구 석촌호수로 76 (잠실동, 지상1층)",5559.0,(주) 잠실세계로마트,기타식품판매업,,37.5095416,127.0858916
02  4111205,138886,서울특별시 송파구 문정동 292 가든5툴지하1층 ,"서울특별시 송파구 충민로 10, 가든5툴동 지하1층 (문정동)",5840.0,이마트가든5점식품매장,기타식품판매업,,37.478626,127.1192753
02 4014600,138812,서울특별시 송파구 가락동 197-15 ,서울특별시 송파구 오금로46길 49 (가락동),5785.0,GS수퍼 송파가락점,기타식품판매업,,37.4980756,127.1209737
02  412 3230,138-863,서울특별시 송파구 잠실동 230-2 1층,서울특별시 송파구 백제고분로 157 (잠실동),5568.0,주덕팜식자재 주식회사,기타식품판매업,,37.505807,127.0843186
02  34688124,138-934,서울특별시 송파구 신천동 7-12 지하1~2층,"서울특별시 송파구 올림픽로35가길 16, 지하1~2층 (신천동)",5510.0,홈플러스(주),기타식품판매업,,37.516256,127.1030333
02  34598538,138-814,서울특별시 송파구 거여동 27-5 지하1층 101호,"서울특별시 송파구 오금로 512, 지하1층 101호 (거여동)",5773.0,홈플러스(주),기타식품판매업,,37.4926895,127.1455361
,138888,서울특별시 송파구 문정동 634 ,"서울특별시 송파구 충민로 66, 지하1층 (문정동, 가든파이브라이프 현대시티몰 테크노관)",5838.0,현대시티몰 가든파이브 프리미엄마켓,기타식품판매업,,37.4777453,127.124407
,138926,서울특별시 송파구 장지동 881 ,"서울특별시 송파구 위례광장로 188, 지하1층 B01호 (장지동, 아이온스퀘어)",5849.0,(주)지에스리테일 GS수퍼 송파위례점,기타식품판매업,,37.4811605,127.1423292
,138881,서울특별시 송파구 가락동 600 ,"서울특별시 송파구 양재대로 932, 판매동 2층 16-2호 (가락동, 가락몰 )",5699.0,케이원 푸드,기타식품판매업,,37.5008309,127.124854
02  443 5885,138200,서울특별시 송파구 문정동 84-1 ,"서울특별시 송파구 새말로 117, 1~2층 (문정동)",5809.0,(주)디케이마트,기타식품판매업,,37.4831532,127.1271554
,138803,서울특별시 송파구 가락동 88-2 리치빌딩 ,"서울특별시 송파구 중대로9길 35, 1~2층 (가락동)",5711.0,(주)이마트에브리데이 가락동점,기타식품판매업,,37.4963124,127.1182986
02  417 8114,138908,서울특별시 송파구 잠실동 19-9 파인애플상가 비-201호,"서울특별시 송파구 올림픽로 119, 파인애플상가동 지하2층 비-201호 (잠실동)",5501.0,(주)진로마트잠실점,기타식품판매업,,37.5094687,127.0815285
,,,"서울특별시 송파구 백제고분로37길 2, 1층 (석촌동)",5615.0,(주)송파홈마트,기타식품판매업,,37.5039558,127.1037446
02 4400785,138829,서울특별시 송파구 방이동 89-11 ,서울특별시 송파구 양재대로 1222 (방이동),5648.0,(주)이마트에브리데이 올림픽점,기타식품판매업,주택가주변,37.5158257,127.1322182
0234016251,138808,서울특별시 송파구 가락동 140-0 ,"서울특별시 송파구 동남로 189 (가락동, 가락쌍용프라자A상가)",5823.0,(주)GS리테일 송파점,기타식품판매업,주택가주변,37.4947408,127.1298734
02  34317760,138911,서울특별시 송파구 잠실동 22-6 리센츠상가 지하1층 제E 01호~19호 ,"서울특별시 송파구 올림픽로 145 (잠실동, 리센츠상가 지하1층 제E 01호~19호)",5502.0,농협하나로마트 신천역점,기타식품판매업,,37.5119601,127.0869604
0226488050,158070,서울특별시 양천구 신정동 276 양천아파트 상가동 지층비01호,"서울특별시 양천구 목동로3길 57, 상가동 지층 비01호 (신정동, 양천아파트)",8100.0,신세계아울렛마트,기타식품판매업,,37.5095224,126.8621785
02  820 8500,138-829,서울특별시 송파구 방이동 89-20 (올림픽선수촌C상가),"서울특별시 송파구 양재대로 1178 (방이동,(올림픽선수촌C상가))",5649.0,(주)메가마트 후레쉬마트방이점,기타식품판매업,,37.5121498,127.128974
02  400 2201,138-888,서울특별시 송파구 문정동 651-8 NH송파농협,"서울특별시 송파구 송파대로 155, 지하1층 (문정동)",5855.0,송파농협 하나로마트,기타식품판매업,,37.4855846,127.1225635
0234233301,131-872,서울특별시 중랑구 신내동 646 금강리빙스텔,"서울특별시 중랑구 신내로 211, 금강리빙스텔 B1층 비01호 (신내동)",2024.0,씨에스유통(주) 봉화산역점,기타식품판매업,,37.6163253,127.0926776
,138-824,서울특별시 송파구 문정동 9-1 래미안빌딩 지상1층,"서울특별시 송파구 송이로 194, 지상1층 (문정동, 래미안빌딩 )",5796.0,올스타마트문정점,기타식품판매업,,37.4904321,127.1273283
02 4071171,138881,서울특별시 송파구 가락동 600 ,"서울특별시 송파구 양재대로 932, 판매동 2층 27-1호 (가락동, 가락시장)",5699.0,다농산업(주),기타식품판매업,주택가주변,37.5013207,127.1231385
02 4116084,138915,서울특별시 송파구 잠실동 40-1 롯데백화점 지하1층,"서울특별시 송파구 올림픽로 240, 지하1층 (잠실동, 롯데백화점)",5554.0,롯데쇼핑(주),기타식품판매업,,37.5112862,127.0979392
,138926,서울특별시 송파구 장지동 897 ,"서울특별시 송파구 위례광장로 120, 지하1층 B12-B18호 (장지동, 위례중앙푸르지오1단지 상가)",5852.0,중앙식자재 마트,기타식품판매업,,37.4748062,127.141566
02  412 2730,138830,서울특별시 송파구 방이동 119-1 1.2층 ,"서울특별시 송파구 백제고분로48길 26, 지상1,2층 (방이동)",5642.0,(주)태상물산,기타식품판매업,,37.5107726,127.1158085
02  430 4240,138819,서울특별시 송파구 마천동 140-2 지상1층 ,"서울특별시 송파구 마천로45길 23, 지상1층 (마천동)",5752.0,마천시장 식자재마트,기타식품판매업,,37.4979961,127.1502336
02  422 1438,138853,서울특별시 송파구 송파동 166 삼익상가 지상1층 27호,"서울특별시 송파구 오금로 252, 지상1층 27호 (송파동, 삼익상가)",5673.0,부광할인마트,기타식품판매업,,37.5087135,127.1068695
02  404 6171,138813,서울특별시 송파구 거여동 129-73 동일빌딩 지상1층 ,"서울특별시 송파구 마천로 254 (거여동,동일빌딩 지상1층)",5735.0,(주)거마진로식자재마트,기타식품판매업,,37.498685,127.1451496
400 6383,138200,서울특별시 송파구 문정동 108-7 ,서울특별시 송파구 새말로19길 13 (문정동),5800.0,코사우리마트,기타식품판매업,,37.4872334,127.1312822
21353211,138-240,서울특별시 송파구 신천동 20-6 파크리오,"서울특별시 송파구 올림픽로35길 10, 파크리오 상가 B동 지하1층 108, 109, 110, 111, 112호 (신천동)",5507.0,지에스 더프레시 잠실파크리오점,기타식품판매업,,37.5202793,127.1131592
02 4748542,138-873,서울특별시 송파구 풍납동 163 지상1층,"서울특별시 송파구 올림픽로51길 30, 지상1층 (풍납동)",5528.0,홈플러스익스프레스풍납점,기타식품판매업,,37.5334337,127.1182135
0222403106,138-854,서울특별시 송파구 송파동 150-2,"서울특별시 송파구 가락로28길 7, 1층 (송파동)",5671.0,홈플러스익스프레스 송파점,기타식품판매업,,37.5063896,127.1167473
,138820,서울특별시 송파구 마천동 181 ,"서울특별시 송파구 마천로 315, 1층 (마천동)",5758.0,(주)라임마트,기타식품판매업,,37.4951823,127.1509584
,138881,서울특별시 송파구 가락동 600 ,"서울특별시 송파구 양재대로 932, 판매동 지하1층 A164호 (가락동, 가락몰 청과부류)",5699.0,(주)두경유통,기타식품판매업,,37.4934824,127.1115038
02  449 0633,138120,서울특별시 송파구 마천동 601 동휴빌딩 ,"서울특별시 송파구 성내천로47길 31, 동휴빌딩 1층 101,102,103호 (마천동)",5748.0,하모니 마트 마천점,기타식품판매업,,37.495627,127.1576776
,138927,서울특별시 송파구 장지동 904-7 ,"서울특별시 송파구 위례순환로 494, 1층 (장지동)",5814.0,위례 두꺼비 왕 식자재 마트(주),기타식품판매업,,37.4764773,127.1329404
02  423 3810,138846,서울특별시 송파구 석촌동 276-2 석촌꽃마을빌딩 ,"서울특별시 송파구 가락로 102, 석촌꽃마을빌딩 1층 (석촌동)",5696.0,장보고 석촌꽃마을점,기타식품판매업,,37.5008507,127.1075143
,138916,서울특별시 송파구 잠실동 27 잠실주공아파트 ,"서울특별시 송파구 송파대로 567, 1층 (잠실동, 잠실주공아파트)",5503.0,굿모닝 마트,기타식품판매업,,37.5136513,127.0940776
,138883,서울특별시 송파구 가락동 479 헬리오시티 ,"서울특별시 송파구 송파대로 345, 지하 1층 149호 (가락동, 헬리오시티)",5698.0,(주)이마트에브리데이 송파점,기타식품판매업,,37.4967773,127.1258217
,138853,서울특별시 송파구 송파동 163-17,"서울특별시 송파구 오금로32길 32, 지하1층 (송파동)",5672.0,(주)지에스리테일 GS 더프레시 송파2점,기타식품판매업,,37.5035828,127.1187767
,138855,서울특별시 송파구 오금동 18-9 ,"서울특별시 송파구 마천로 57, 1,2층 (오금동)",5657.0,올스타푸드마켓,기타식품판매업,,37.5083688,127.1271606
02  3805123,120805,서울특별시 서대문구 남가좌동 286-1 DMC금호리첸시아,"서울특별시 서대문구 수색로2길 39, 지하1층 B105-1,B105-2호 (남가좌동, DMC금호리첸시아)",3712.0,(주)이마트에브리데이 남가좌점,기타식품판매업,,37.5704789,126.9157871
,138881,서울특별시 송파구 가락동 600 가락동 농수산물도매시장,"서울특별시 송파구 양재대로 932, 가락동 농수산물도매시장 가락몰 3관 2층 (가락동)",5699.0,(주)새농,기타식품판매업,,37.493116,127.1164539
,138817,서울특별시 송파구 마천동 22-3 한주리버뷰아파트,"서울특별시 송파구 마천로 243, 1층 101호,102호,103호,104호,105,106호 (마천동, 한주리버뷰아파트)",5733.0,썬 마켓,기타식품판매업,,37.4995098,127.1447582
02  418 6255,138-834,서울특별시 송파구 방이동 185-8,서울특별시 송파구 양재대로71길 4 (방이동),5638.0,(주)올가홀푸드 방이점,기타식품판매업,,37.5104456,127.1264624
02 4731850,134871,서울특별시 강동구 천호동 564-0 ,서울특별시 강동구 진황도로31길 26 (천호동),5338.0,강동할인마트,기타식품판매업,아파트지역,37.5386832,127.1342101
02  21451053,134825,서울특별시 강동구 명일동 46-4 ,서울특별시 강동구 고덕로 276 (명일동),5269.0,(주)이마트명일점,기타식품판매업,,37.5546724,127.1558427
02 4263708,134830,서울특별시 강동구 명일동 312-99 ,서울특별시 강동구 양재대로 1630 (명일동),5266.0,(주)지에스리테일명일점,기타식품판매업,,37.5510546,127.1447767
02  428 4437,134100,서울특별시 강동구 강일동 677 1층 (주)골든그린마트 ,"서울특별시 강동구 아리수로91길 24-9, 1층 (강일동, (주)골든그린마트)",5211.0,(주)골드그린마트,기타식품판매업,,37.5653411,127.1735639
,134830,서울특별시 강동구 명일동 332-1 명일엘지아파트상가동지하1층 B01 ,"서울특별시 강동구 상암로51길 61 (명일동, 명일엘지아파트 상가동지하1층 B01)",5292.0,대박식자재마트 명일점,기타식품판매업,,37.5490355,127.1556615
02 4788671,134812,서울특별시 강동구 길동 363-2 대현상가 1층 ,"서울특별시 강동구 천중로52길 54 (길동,대현상가 1층)",5343.0,태양할인마트,기타식품판매업,,37.5385667,127.1426877
02  22246666,134873,서울특별시 강동구 천호동 563 ,서울특별시 강동구 구천면로 189 (천호동),5327.0,주식회사 엠패스트,기타식품판매업,,37.5408634,127.1331051
0222241053,134874,서울특별시 강동구 천호동 454-1,서울특별시 강동구 천호대로 1017 (천호동),5328.0,(주)이마트천호점,기타식품판매업,,37.5386443,127.1255434
02  34271321,134789,"서울특별시 강동구 명일동 54 한양아파트 상가 1층 105호,106호","서울특별시 강동구 동남로71길 19 (명일동, 한양아파트 상가 1층 105호,106호)",5270.0,에이스마트,기타식품판매업,,37.5504605,127.1551497
0222248972,134-848,서울특별시 강동구 성내동 451,서울특별시 강동구 올림픽로 528 (성내동),5398.0,농협하나로마트성내점,기타식품판매업,,37.5299382,127.1301719
02 4825533,134849,서울특별시 강동구 성내동 513 중앙(아) 상가 1층 ,"서울특별시 강동구 풍성로45길 18 (성내동,중앙(아) 상가 1층)",5390.0,중앙마트,기타식품판매업,,37.531388,127.1303816
,134805,서울특별시 강동구 고덕동 499 고덕아이파크 ,"서울특별시 강동구 동남로79길 26, 비1층 101~109호 (고덕동, 고덕아이파크)",5232.0,킹마트,기타식품판매업,,37.5589118,127.155157
02  34264561,134836,서울특별시 강동구 상일동 124 ,"서울특별시 강동구 상일로 55, 고덕자이아파트상가 1동 B1층 119호 (상일동)",5275.0,지에스 더 프레시 강동고덕점,기타식품판매업,,37.5523884,127.1706617
,134060,"서울특별시 강동구 둔촌동 630 둔촌푸르지오아파트 지1층 102,106호 ","서울특별시 강동구 명일로 176, 둔촌푸르지오아파트 지1층 102,106호 (둔촌동)",5360.0,왕마트,기타식품판매업,,37.5341448,127.1465183
,134100,서울특별시 강동구 강일동 76-2 아이메디컬 ,"서울특별시 강동구 아리수로93나길 38, 아이메디컬 B101호 (강일동)",5415.0,(주)이마트에브리데이 고덕강일점,기타식품판매업,,37.5718115,127.1738845
02  20062353,134807,"서울특별시 강동구 고덕동 217 고덕그라시움아파트(상가1동)108~119,128호 ","서울특별시 강동구 고덕로 353, 고덕그라시움아파트(상가1동)108~119,128호 (고덕동)",5224.0,지에스 더 프레시 고덕그라시움점,기타식품판매업,,37.5579056,127.162626
0234266155,134824,서울특별시 강동구 명일동 15 삼익상가 지하 22호,"서울특별시 강동구 명일로 375 (명일동, 삼익상가 지하22호)",5267.0,(주)이마트에브리데이 명일동점,기타식품판매업,아파트지역,37.5532944,127.1484591
02  428 3782,134838,"서울특별시 강동구 상일동 446-1 지하1층,1층","서울특별시 강동구 천호대로213길 18, 지하1,1층 (상일동)",5291.0,(주)윈플러스마트 동부,기타식품판매업,,37.54527059999999,127.1678219
02  426 5651,134857,"서울특별시 강동구 암사동 461 1-1,2,2-1,3,3-1,4,4-1,5,5-1,6,7,7-1,8,8-1,8-2,9,10,10-1,10-2 11외호","서울특별시 강동구 고덕로 52, 1층 1-1,2,2-1,3,3-1,4~11-2호 (암사동, 대원아파트)",5251.0,해가든마트,기타식품판매업,,37.5545782,127.1305602
02  487 4080,134873,서울특별시 강동구 천호동 421-4 행복타워빌딩 ,"서울특별시 강동구 구천면로 202, 행복타워빌딩 1층 (천호동)",5329.0,강동농협하나로마트 로데오점,기타식품판매업,,37.5402978,127.1272304
02  34272512,134830,서울특별시 강동구 명일동 346-14 ,서울특별시 강동구 양재대로130길 27 (명일동),5296.0,명성마트,기타식품판매업,,37.5459996,127.1447042
02  69335202,134853,서울특별시 강동구 암사동 414-18 롯데캐슬 아파트상가 지하1층 ,"서울특별시 강동구 고덕로 133 (암사동,롯데캐슬 아파트상가 지하1층)",5236.0,(주)지에스리테일 GS더프레시 강동캐슬점,기타식품판매업,,37.55617900000001,127.144452
02  472 5947,134880,서울특별시 강동구 길동 400-1 아름상가 1층 ,"서울특별시 강동구 천호대로187길 62 (길동,아름상가 1층)",5350.0,(주)길동월드마트,기타식품판매업,,37.5369545,127.143229
,136864,서울특별시 성북구 종암동 104-1 종암에스케이아파트,"서울특별시 성북구 종암로24가길 53, 상가동 B09,B10,B36~B44,B44-1호 (종암동, 종암에스케이아파트)",2798.0,(주)이마트에브리데이 종암점,기타식품판매업,,37.6011845,127.0369888
,139240,서울특별시 노원구 공릉동 375-16 공릉동VIPS,"서울특별시 노원구 동일로 1090, 1층 (공릉동)",1840.0,식자재유통센터,기타식품판매업,,37.6272337,127.072635
,134-874,서울특별시 강동구 천호동 455-8,서울특별시 강동구 천호대로 1005 (천호동),5328.0,현대백화점천호점,기타식품판매업,,37.5390258,127.1244577
02  34275125,134-876,서울특별시 강동구 암사동 599,"서울특별시 강동구 고덕로 19, 1층 (암사동)",5239.0,남한강 식자재마트,기타식품판매업,,37.5550661,127.1273117
02  34008120,134-861,서울특별시 강동구 천호동 42-0 지하2층,"서울특별시 강동구 양재대로 1571 (천호동,지하2층)",5314.0,홈플러스(주),기타식품판매업,,37.5457174,127.1422509
02  458 4455,143210,서울특별시 광진구 광장동 582 광장힐스테이트상가 S동 21호,"서울특별시 광진구 아차산로 537-17, S동 21호 (광장동, 광장힐스테이트상가)",4983.0,코끼리마트 광장점,기타식품판매업,,37.5433454,127.0997083
,136863,서울특별시 성북구 종암동 88-1 LG하이프라자,"서울특별시 성북구 종암로 102, LG하이프라자 1,  2층 (종암동)",2797.0,레몬플러스마트,기타식품판매업,,37.5993425,127.0346829
02  380 5123,137859,서울특별시 서초구 서초동 1335 지하1층B112호,"서울특별시 서초구 효령로 403, 지하1층 B112호 (서초동)",6630.0,(주)이마트에브리데이 서초그랑자이점,기타식품판매업,,37.4890871,127.0261778
18999900,152828,서울특별시 구로구 고척동 100-7,"서울특별시 구로구 경인로43길 49, 지하2층 (고척동)",8226.0,(주)코스트코 코리아 고척점,기타식품판매업,,37.498346,126.861257
02  447 3433,143804,서울특별시 광진구 광장동 218-1,"서울특별시 광진구 아차산로 552, 지하1층 (광장동, 극동상가)",4971.0,(주)지에스리테일 GS더프레시 광나루점,기타식품판매업,,37.5431583,127.1041888
02  380 5123,135808,서울특별시 강남구 개포동 656-3,"서울특별시 강남구 언주로7길 6, 지하1층 B101호, B105호 (개포동)",6310.0,(주)이마트에브리데이 개포래미안포레스트점,기타식품판매업,,37.477066,127.0554648
02 8168546,156718,서울특별시 동작구 상도동 414 건영아파트 상가동 B101호,"서울특별시 동작구 만양로 26, 상가동 B101호 (상도동,건영아파트)",6918.0,홈플러스 익스프레스 상도2점,기타식품판매업,,37.5071676,126.9497743
0232898002,151718,서울특별시 관악구 봉천동 729-22 롯데백화점,"서울특별시 관악구 봉천로 209 (봉천동, 롯데백화점)",8708.0,롯데쇼핑주식회사 관악점,기타식품판매업,,37.4905756,126.9249911
02 3101042,100011,서울특별시 중구 충무로1가 54 외 1필지,"서울특별시 중구 퇴계로 77 (충무로1가,외 1필지)",4530.0,신세계백화점,기타식품판매업,,37.5611699,126.9825162
0234791042,137713,서울특별시 서초구 반포동 19-3 신세계백화점 지하 1층,"서울특별시 서초구 신반포로 176, 지하 1층 (반포동, 신세계백화점 )",6546.0,신세계백화점 강남점,기타식품판매업,,37.5043637,127.0036211
,137908,서울특별시 서초구 잠원동 70-1 (지하 1층),서울특별시 서초구 잠원로 69 (잠원동),6511.0,(주)이랜드킴스클럽 강남점,기타식품판매업,,37.5102421,127.006883
02 950 2405,139708,서울특별시 노원구 상계동 713 롯데백화점,"서울특별시 노원구 동일로 1414, 롯데백화점 (상계동)",1695.0,롯데쇼핑(주),기타식품판매업,,37.65464559999999,127.0610381
26708010,150899,서울특별시 영등포구 영등포동 618-496,서울특별시 영등포구 경인로 862 (영등포동),7306.0,롯데백화점영등포점,기타식품판매업,,37.5168182,126.9083996
02  32132730,138934,서울특별시 송파구 신천동 29 엔터테인먼트동 지하2층 신선식품,"서울특별시 송파구 올림픽로 300 (신천동, 엔터테인먼트동 지하2층 신선식품)",5551.0,롯데쇼핑(주)롯데마트 월드타워점,기타식품판매업,,37.5131008,127.1034334
02 61161531,157220,서울특별시 강서구 방화동 886 지층,"서울특별시 강서구 하늘길 38, 지층 (방화동)",7505.0,롯데쇼핑)롯데마트김포공항,기타식품판매업,,37.5650592,126.8029919
0237064711,130851,서울특별시 동대문구 전농동 591-53,"서울특별시 동대문구 왕산로 214, 5층 (전농동, 청량리역사)",2555.0,롯데쇼핑(주)롯데마트 청량리점,기타식품판매업,,37.5809769,127.0469926
26391043,150034,서울특별시 영등포구 영등포동4가 434-5,서울특별시 영등포구 영중로 9 (영등포동4가),7305.0,(주)신세계 타임스퀘어점,기타식품판매업,,37.5178903,126.9035759
02  22182500,143758,서울특별시 광진구 자양동 227-342 롯데백화점,"서울특별시 광진구 능동로 92 (자양동, 롯데백화점)",5065.0,롯데백화점건대스타시티점,기타식품판매업,,37.5390185,127.0712074
0221097523,153813,서울특별시 금천구 독산동 295-10 [두산길 18],"서울특별시 금천구 두산로 71 (독산동,[두산길 18])",8524.0,롯데쇼핑(주) 빅(VIC)마켓금천점,기타식품판매업,,37.4705934,126.8957132
02 9581002,130851,서울특별시 동대문구 전농동 591-53,"서울특별시 동대문구 왕산로 214, 지하2층 (전농동)",2555.0,롯데청량리점,기타식품판매업,,37.5809769,127.0469926
02  69602500,153010,서울특별시 금천구 독산동 1155 금천롯데캐슬골드파크3차,"서울특별시 금천구 시흥대로 291, 309동 지하1층 (독산동, 금천롯데캐슬골드파크3차)",8608.0,롯데쇼핑(주)롯데마트 금천점,기타식품판매업,,37.4604657,126.8974181
02 9788991,139-939,"서울특별시 노원구 하계동 271-3 극동,건영,벽산아파트","서울특별시 노원구 섬밭로 229, 지층 (하계동, 극동,건영,벽산아파트)",1776.0,롯데쇼핑(주)롯데수퍼중계점,기타식품판매업,,37.6352779,127.0643203
02  390 2500,100-162,서울특별시 중구 봉래동2가 122-11,서울특별시 중구 한강대로 405 (봉래동2가),4509.0,롯데쇼핑(주)롯데마트 제타플렉스 서울역점,기타식품판매업,,37.5562878,126.9694414
0220972500,122-200,서울특별시 은평구 진관동 63 롯데몰 은평점,"서울특별시 은평구 통일로 1050, 롯데몰 은평점 지하1층 (진관동)",3306.0,롯데쇼핑(주)그랑그로서리 은평점,기타식품판매업,,37.6374333,126.917884
02  22952500,138885,서울특별시 송파구 문정동 150-2 지하2층,"서울특별시 송파구 중대로 80, 지하2층 (문정동)",5833.0,롯데쇼핑(주)롯데마트 송파점,기타식품판매업,,37.4917382,127.1177515
02   7115602,140-111,"서울특별시 용산구 원효로1가 133-3 리첸시아용산 에이동 지하1층(101~111, 126호)","서울특별시 용산구 백범로 341 (원효로1가,리첸시아용산 에이동 지하1층(101~111, 126호))",4315.0,롯데쇼핑(주)롯데슈퍼 원효로점,기타식품판매업,,37.5380381,126.9675825
02  425 5601,138-908,서울특별시 송파구 잠실동 19-8 잠실엘스상가 A동 101~110호,"서울특별시 송파구 올림픽로 111, 지상1층 101~110호 (잠실동, 잠실엘스상가)",5501.0,롯데쇼핑(주)롯데슈퍼 신천점,기타식품판매업,,37.5121478,127.0830199
02  22482500,142100,서울특별시 강북구 미아동 1359,서울특별시 강북구 삼양로 247 (미아동),1110.0,롯데쇼핑(주)롯데마트 삼양점,기타식품판매업,,37.6255737,127.0177184
02  413 5601,138-915,"서울특별시 송파구 잠실동 35-2 트리지움상가 지하1층 126~134호,157~160호","서울특별시 송파구 석촌호수로 61, 지하1층 126~134,157~160호 (잠실동, 트리지움상가 )",5555.0,롯데쇼핑(주)롯데슈퍼잠실3동점,기타식품판매업,,37.5111312,127.0860917
02 4118800,138-915,서울특별시 송파구 잠실동 40-1 롯데마트 지하1층,"서울특별시 송파구 올림픽로 240, 지하1층 (잠실동, 롯데마트)",5554.0,롯데쇼핑(주) 롯데마트 제타플렉스 잠실점,기타식품판매업,,37.5112862,127.0979392
02  706 5601,121-805,서울특별시 마포구 공덕동 467 지하1층 1호,"서울특별시 마포구 마포대로 109 (공덕동, 지하1층 1호)",4146.0,롯데프리미엄 푸드마켓 공덕점,기타식품판매업,,37.5486019,126.9588345
02  459 5601,135-539,서울특별시 강남구 수서동 713 수서현대벤쳐빌,"서울특별시 강남구 밤고개로1길 10, 수서현대벤쳐빌 지하2층 253호,254호 (수서동)",6349.0,롯데쇼핑(주)롯데슈퍼 수서역점,기타식품판매업,,37.4879855,127.1017774
02  22905600,138-926,서울특별시 송파구 장지동 894,"서울특별시 송파구 위례광장로 136, 3동 지하1층 C01~06호 (장지동, 위례아이파크상가)",5852.0,롯데쇼핑(주)롯데슈퍼 위례중앙점,기타식품판매업,,37.476296,127.1421314
02  22025606,138-240,서울특별시 송파구 신천동 17-4 파크리오상가 A동 지하 103~106호,"서울특별시 송파구 올림픽로 435, 지하1층 103~106호 (신천동, 파크리오상가 A동 )",5507.0,롯데쇼핑(주)롯데슈퍼 성내점,기타식품판매업,,37.5205362,127.1061511
21652611,150-038,서울특별시 영등포구 영등포동8가 62-1,서울특별시 영등포구 영중로 125 (영등포동8가),7228.0,롯데쇼핑(주)빅마켓영등포점,기타식품판매업,,37.5283544,126.9053409
02  22905735,135-864,서울특별시 강남구 삼성동 8-2 지하,"서울특별시 강남구 선릉로 660 (삼성동,지하)",6088.0,롯데슈퍼 삼성점,기타식품판매업,,37.51397499999999,127.0561274
02  22325602,100830,서울특별시 중구 신당동 366-126 정은스카이(아) 지하2층,"서울특별시 중구 다산로 56 (신당동,정은스카이(아) 지하2층)",4597.0,롯데쇼핑(주)롯데슈퍼 신당점,기타식품판매업,,37.5494486,127.0077871
02 5856820,137-882,서울특별시 서초구 서초동 1685-8 센트럴프라자 지하1층,"서울특별시 서초구 서초중앙로24길 27, 지하1층 (서초동, 센트럴프라자 지하1층)",6601.0,롯데 프리미엄 푸드마켓 서초점,기타식품판매업,,37.4954055,127.0164657
0220922532,139920,서울특별시 노원구 중계동 361 롯데마트,"서울특별시 노원구 노원로 330, 롯데마트 (중계동)",1746.0,롯데쇼핑(주)롯데마트 중계점,기타식품판매업,,37.646548,127.0710901
02  22035601,138-934,서울특별시 송파구 신천동 7-18 잠실롯데캐슬내 상가지하1층,"서울특별시 송파구 올림픽로 269, 지하1층 (신천동, 잠실롯데캐슬내 상가)",5510.0,롯데 프리미엄 푸드마켓 잠실점,기타식품판매업,,37.5144538,127.1007352
080 500 5060,152862,서울특별시 구로구 구로동 573 NC백화점,"서울특별시 구로구 구로중앙로 152, NC백화점 지하1층 (구로동)",8292.0,(주)이랜드킴스클럽 NC신구로점,기타식품판매업,,37.5011761,126.8828394
02  22905637,137-800,서울특별시 서초구 반포동 2-8 신반포상가 2층 101호,"서울특별시 서초구 신반포로15길 29, 신반포상가 2층 101호 (반포동)",6503.0,롯데쇼핑(주)롯데수퍼 신반포점,기타식품판매업,,37.5054206,126.9945515
0226648484,157-846,서울특별시 강서구 방화동 187-1 외2필지 (1층),"서울특별시 강서구 방화대로34길 83 (방화동,외2필지 (1층))",7597.0,롯데쇼핑(주) 롯데슈퍼방화점,기타식품판매업,,37.5710264,126.8208379
02  34725603,137-907,서울특별시 서초구 잠원동 58-24 지하1층,"서울특별시 서초구 신반포로 257, 지하1층 (잠원동)",6523.0,롯데쇼핑(주) 롯데슈퍼 잠원점,기타식품판매업,,37.5096201,127.0132783
7824581,150-889,서울특별시 영등포구 여의도동 42-1,서울특별시 영등포구 국제금융로 79 (여의도동),7340.0,롯데쇼핑(주)롯데슈퍼여의점,기타식품판매업,,37.5214745,126.9325037
0234914297,132-828,서울특별시 도봉구 방학동 271-2,서울특별시 도봉구 방학로 223 (방학동),1362.0,롯데쇼핑(주)롯데슈퍼 방학점,기타식품판매업,,37.6614315,127.0271504
0222425611,130-835,서울특별시 동대문구 장안동 94-27,"서울특별시 동대문구 한천로46길 42, 101호 (장안동)",2516.0,롯데쇼핑(주)롯데슈퍼장안점,기타식품판매업,,37.5788441,127.0695571
0222487800,130-848,서울특별시 동대문구 전농동 10,"서울특별시 동대문구 사가정로 148, 101호 (전농동, SK아파트상가)",2532.0,롯데쇼핑(주)롯데슈퍼전농점,기타식품판매업,,37.5767081,127.0610668
02  499 3001,143840,서울특별시 광진구 군자동 362-1 동일흥업주식회사,"서울특별시 광진구 군자로 70, 가동 1층 101,102호 (군자동)",5004.0,화양슈퍼,기타식품판매업,,37.5492076,127.0710935
9488484,139-865,서울특별시 노원구 중계동 515-2 정안프라자,"서울특별시 노원구 동일로 1308, 정안프라자 (중계동)",1760.0,롯데쇼핑(주)롯데슈퍼 중계역점,기타식품판매업,,37.6459711,127.06407
,138-829,서울특별시 송파구 방이동 89-12 BNK 올림픽프라자,"서울특별시 송파구 양재대로 1220, 1층 (방이동)",5648.0,롯데쇼핑(주)롯데슈퍼올림픽점,기타식품판매업,,37.5153218,127.1332229
02  422 9003,138-851,서울특별시 송파구 송파동 121-0,서울특별시 송파구 가락로 183 (송파동),5664.0,롯데쇼핑(주)롯데슈퍼송파점,기타식품판매업,,37.5005005,127.1165162
02 9783552,139-800,서울특별시 노원구 공릉동 238-53 공릉빌딩,"서울특별시 노원구 공릉로 144, 공릉빌딩 (공릉동)",1819.0,롯데쇼핑(주)롯데슈퍼공릉점,기타식품판매업,,37.6227575,127.0794776
02  22905703,135-947,서울특별시 강남구 일원동 717 삼성생명 일원동 빌딩,"서울특별시 강남구 일원로 115, 삼성생명 일원동 빌딩 지하1층 B101-1호 (일원동)",6355.0,롯데프리미엄 푸드마켓 일원점,기타식품판매업,,37.4840007,127.0844516
0226645606,157-850,서울특별시 강서구 방화동 533-9,서울특별시 강서구 양천로6길 15 (방화동),7602.0,롯데쇼핑(주) 롯데슈퍼 개화산점,기타식품판매업,,37.5834885,126.8235011
02 7015604,121-810,서울특별시 마포구 대흥동 337-10,서울특별시 마포구 큰우물로 3 (대흥동),4150.0,롯데슈퍼 (마포대흥점),기타식품판매업,,37.545398,126.9402351
02 9341153,139-823,서울특별시 노원구 상계동 651 11단지종합상가,"서울특별시 노원구 동일로 1541, 11단지종합상가 지층 (상계동)",1620.0,롯데쇼핑(주)롯데수퍼상계11점,기타식품판매업,,37.665688,127.0557151
02  22905735,138-800,"서울특별시 송파구 가락동 7 0,2 가동,나동,다동","서울특별시 송파구 오금로36길 8 (가락동, 0,2 가동,나동,다동)",5700.0,롯데쇼핑(주)롯데슈퍼가락점,기타식품판매업,,37.5030358,127.1254128
